Unnamed: 0,t,clustering,gen_kg,gen_history,data,sample,sattr,strategy,n_sg,anony_mode,info_loss,alpha_adm,alpha_dm,k,w,l,reset_w,calgo,enforcer_str,enforcer,enforcer_name,max_dist,algo,galgo
0,4,177.39998412132263,3.3947269916534424,14.285292863845823,yago15,-1,isCitizenOf,mean,20,all,adm,0.5,0.5,10,-1,4,-1,km,gs#1.00,gs,gs,1.0,tanga,ad2
0,14,5069.665709018707,1498.8154077529907,4.228814363479614,yago15,-1,isCitizenOf,mean,20,all,adm,0.5,0.5,10,-1,4,2,km,gs#1.00,gs,gs,1.0,tanga,ad2
0,18,211.72811818122864,3.5052714347839355,37.12453532218933,yago15,-1,isCitizenOf,mean,20,all,adm,0.5,0.5,10,-1,1,-1,hdbscan,gs#1.00,gs,gs,1.0,tanga,ad2
0,14,210.61222290992737,5.0399909019470215,32.6057391166687,yago15,-1,isCitizenOf,mean,20,all,adm,0.5,0.5,10,-1,1,-1,km,gs#1.00,gs,gs,1.0,tanga,ad2
0,6,182.1596882343292,2.753364086151123,17.26148796081543,yago15,-1,isCitizenOf,mean,20,all,adm,0.5,0.5,10,-1,4,-1,hdbscan,gs#0.00,gs,gs,0.0,tanga,ad2
0,15,205.8169300556183,2.8610565662384038,32.414143323898315,yago15,-1,isCitizenOf,mean,20,all,adm,0.5,0.5,10,-1,4,-1,hdbscan,gs#0.50,gs,gs,0.5,tanga,ad2
0,5,169.4437005519867,3.1141340732574463,9.219122886657717,yago15,-1,isCitizenOf,mean,20,all,adm,0.5,0.5,10,-1,4,4,km,gs#1.00,gs,gs,1.0,tanga,ad2
0,15,207.54018807411197,3.0636680126190186,33.37038469314575,yago15,-1,isCitizenOf,mean,20,all,adm,0.5,0.5,10,-1,4,-1,km,gs#0.50,gs,gs,0.5,tanga,ad2
0,17,210.6925826072693,3.0796523094177246,34.65311121940613,yago15,-1,isCitizenOf,mean,20,all,adm,0.5,0.5,10,-1,4,-1,hdbscan,gs#0.50,gs,gs,0.5,tanga,ad2
0,10,202.1369271278381,3.141827344894409,24.949766874313354,yago15,-1,isCitizenOf,mean,20,all,adm,0.5,0.5,10,-1,4,-1,km,gs#0.50,gs,gs,0.5,tanga,ad2
0,11,198.77272009849548,3.162156343460083,25.930531978607178,yago15,-1,isCitizenOf,mean,20,all,adm,0.5,0.5,10,-1,2,-1,hdbscan,gs#1.00,gs,gs,1.0,tanga,ad2
0,16,218.1611335277557,59.78847646713257,39.07679200172424,yago15,-1,isCitizenOf,mean,20,all,adm,0.5,0.5,2,-1,1,-1,km,gs#1.00,gs,gs,1.0,tanga,ad2
0,5,191.62488102912903,7.07331657409668,15.627048254013062,yago15,-1,isCitizenOf,mean,20,all,adm,0.5,0.5,6,-1,1,-1,hdbscan,gs#1.00,gs,gs,1.0,tanga,ad2
0,5,223.00363206863403,4.860279321670532,77.69891667366028,yago15,-1,isCitizenOf,mean,20,all,adm,0.5,0.5,2,-1,1,-1,hdbscan,ir,ir,ir,1.0,tanga,ad2
0,9,163.34857058525083,2.952441692352295,8.870137929916382,yago15,-1,isCitizenOf,mean,20,all,adm,0.5,0.5,10,-1,4,4,km,gs#1.00,gs,gs,1.0,tanga,ad2
0,12,197.33738017082212,2.8373188972473145,26.988389492034912,yago15,-1,isCitizenOf,mean,20,all,adm,0.5,0.5,10,-1,4,-1,hdbscan,gs#0.75,gs,gs,0.75,tanga,ad2
0,15,208.57415676116943,9.487026929855348,35.510629415512085,yago15,-1,isCitizenOf,mean,20,all,adm,0.5,0.5,6,-1,1,-1,km,gs#1.00,gs,gs,1.0,tanga,ad2
0,9,192.00883722305295,16.726001024246216,23.295592546463013,yago15,-1,isCitizenOf,mean,20,all,adm,0.5,0.5,4,-1,1,-1,km,gs#1.00,gs,gs,1.0,tanga,ad2
0,5,177.04940390586853,9.904303312301636,16.136719942092896,yago15,-1,isCitizenOf,mean,20,all,adm,0.5,0.5,6,-1,1,-1,km,gs#1.00,gs,gs,1.0,tanga,ad2
0,19,228.77590346336365,3.43916654586792,40.73778247833252,yago15,-1,isCitizenOf,mean,20,all,adm,0.5,0.5,10,-1,2,-1,hdbscan,gs#1.00,gs,gs,1.0,tanga,ad2
0,5,182.94904828071597,3.928175687789917,15.399989366531372,yago15,-1,isCitizenOf,mean,20,all,adm,0.5,0.5,8,-1,1,-1,hdbscan,gs#1.00,gs,gs,1.0,tanga,ad2
0,11,200.97963428497317,2.8986270427703857,25.420105695724487,yago15,-1,isCitizenOf,mean,20,all,adm,0.5,0.5,10,-1,4,-1,hdbscan,gs#0.00,gs,gs,0.0,tanga,ad2
0,17,212.96273040771484,2.8290483951568604,34.898998737335205,yago15,-1,isCitizenOf,mean,20,all,adm,0.5,0.5,10,-1,4,-1,hdbscan,gs#0.75,gs,gs,0.75,tanga,ad2
0,17,214.80254650115967,3.4874491691589355,35.79873561859131,yago15,-1,isCitizenOf,mean,20,all,adm,0.5,0.5,10,-1,1,-1,hdbscan,gs#1.00,gs,gs,1.0,tanga,ad2
0,8,193.77162766456604,2.7594125270843506,20.87061071395874,yago15,-1,isCitizenOf,mean,20,all,adm,0.5,0.5,10,-1,4,-1,hdbscan,gs#0.00,gs,gs,0.0,tanga,ad2
0,10,200.2972791194916,3.4572460651397705,25.13656115531921,yago15,-1,isCitizenOf,mean,20,all,adm,0.5,0.5,10,-1,2,-1,km,gs#1.00,gs,gs,1.0,tanga,ad2
0,13,168.91568636894226,2.8403453826904297,8.775041103363037,yago15,-1,isCitizenOf,mean,20,all,adm,0.5,0.5,10,-1,4,3,hdbscan,gs#1.00,gs,gs,1.0,tanga,ad2
0,18,219.0284199714661,56.95479416847229,42.27377247810364,yago15,-1,isCitizenOf,mean,20,all,adm,0.5,0.5,2,-1,1,-1,hdbscan,gs#1.00,gs,gs,1.0,tanga,ad2
0,2,175.2561378479004,9.4308021068573,11.00325846672058,yago15,-1,isCitizenOf,mean,20,all,adm,0.5,0.5,6,-1,1,-1,km,gs#1.00,gs,gs,1.0,tanga,ad2
0,3,3843.331806898117,1450.2499237060547,4.153701305389404,yago15,-1,isCitizenOf,mean,20,all,adm,0.5,0.5,10,-1,4,1,km,gs#1.00,gs,gs,1.0,tanga,ad2
0,19,215.89452934265137,2.964590549468994,38.04292583465576,yago15,-1,isCitizenOf,mean,20,all,adm,0.5,0.5,10,-1,4,-1,hdbscan,gs#0.75,gs,gs,0.75,tanga,ad2
0,10,198.20606398582456,3.337188243865967,25.09441566467285,yago15,-1,isCitizenOf,mean,20,all,adm,0.5,0.5,10,-1,1,-1,hdbscan,gs#1.00,gs,gs,1.0,tanga,ad2
0,4,179.31695461273193,3.5644679069519043,14.869009971618652,yago15,-1,isCitizenOf,mean,20,all,adm,0.5,0.5,10,-1,2,-1,km,gs#1.00,gs,gs,1.0,tanga,ad2
0,16,213.8601007461548,7.480350494384766,56.67974376678467,yago15,-1,isCitizenOf,mean,20,all,adm,0.5,0.5,2,-1,1,-1,km,ir,ir,ir,1.0,tanga,ad2
0,2,170.59119057655334,3.265887260437012,11.268279552459717,yago15,-1,isCitizenOf,mean,20,all,adm,0.5,0.5,10,-1,4,-1,km,gs#0.75,gs,gs,0.75,tanga,ad2
0,15,212.2156388759613,3.1845545768737797,33.13035845756531,yago15,-1,isCitizenOf,mean,20,all,adm,0.5,0.5,10,-1,4,-1,km,gs#0.75,gs,gs,0.75,tanga,ad2
0,9,194.15897345542908,3.743764877319336,39.376832723617554,yago15,-1,isCitizenOf,mean,20,all,adm,0.5,0.5,10,-1,4,-1,km,gs#0.00,gs,gs,0.0,tanga,ad2
0,0,6597.527740240097,1815.4512753486636,3.621771097183228,yago15,-1,isCitizenOf,mean,20,all,adm,0.5,0.5,4,-1,1,-1,hdbscan,gs#1.00,gs,gs,1.0,tanga,ad2
0,5,186.7659752368927,8.020349740982056,37.13660383224487,yago15,-1,isCitizenOf,mean,20,all,adm,0.5,0.5,2,-1,1,-1,km,ir,ir,ir,1.0,tanga,ad2
0,8,188.58928394317627,12.650869846343994,20.18442416191101,yago15,-1,isCitizenOf,mean,20,all,adm,0.5,0.5,4,-1,1,-1,hdbscan,gs#1.00,gs,gs,1.0,tanga,ad2
0,7,186.24728298187256,3.149178981781006,19.639207363128666,yago15,-1,isCitizenOf,mean,20,all,adm,0.5,0.5,10,-1,4,-1,km,gs#0.75,gs,gs,0.75,tanga,ad2
0,3,177.26262044906616,2.8147919178009038,12.38691782951355,yago15,-1,isCitizenOf,mean,20,all,adm,0.5,0.5,10,-1,4,-1,hdbscan,gs#0.00,gs,gs,0.0,tanga,ad2
0,9,198.60556197166443,3.534406900405884,22.86892008781433,yago15,-1,isCitizenOf,mean,20,all,adm,0.5,0.5,10,-1,2,-1,km,gs#1.00,gs,gs,1.0,tanga,ad2
0,19,216.2653465270996,3.204176425933838,39.48053741455078,yago15,-1,isCitizenOf,mean,20,all,adm,0.5,0.5,10,-1,4,-1,km,gs#0.25,gs,gs,0.25,tanga,ad2
0,17,217.78387331962583,51.94181060791016,40.28126096725464,yago15,-1,isCitizenOf,mean,20,all,adm,0.5,0.5,2,-1,1,-1,hdbscan,gs#1.00,gs,gs,1.0,tanga,ad2
0,0,6153.261569738388,1616.1264984607697,4.119766473770142,yago15,-1,isCitizenOf,mean,20,all,adm,0.5,0.5,8,-1,1,-1,km,gs#1.00,gs,gs,1.0,tanga,ad2
0,3,170.00110697746277,2.9708261489868164,9.396780490875244,yago15,-1,isCitizenOf,mean,20,all,adm,0.5,0.5,10,-1,4,2,km,gs#1.00,gs,gs,1.0,tanga,ad2
0,8,190.5371775627136,2.970653533935547,20.933917999267575,yago15,-1,isCitizenOf,mean,20,all,adm,0.5,0.5,10,-1,4,-1,hdbscan,gs#0.50,gs,gs,0.5,tanga,ad2
0,12,198.91574549674988,12.937368869781494,28.34694504737854,yago15,-1,isCitizenOf,mean,20,all,adm,0.5,0.5,4,-1,1,-1,hdbscan,gs#1.00,gs,gs,1.0,tanga,ad2
0,13,205.76403522491452,7.210397005081177,51.08116793632507,yago15,-1,isCitizenOf,mean,20,all,adm,0.5,0.5,2,-1,1,-1,km,ir,ir,ir,1.0,tanga,ad2
0,2,176.9076476097107,3.3070971965789795,11.240386724472046,yago15,-1,isCitizenOf,mean,20,all,adm,0.5,0.5,10,-1,3,-1,km,gs#1.00,gs,gs,1.0,tanga,ad2
0,1,167.8858985900879,3.621831178665161,9.322258949279783,yago15,-1,isCitizenOf,mean,20,all,adm,0.5,0.5,10,-1,4,-1,km,gs#1.00,gs,gs,1.0,tanga,ad2
0,6,187.9423792362213,4.97895073890686,18.450605869293213,yago15,-1,isCitizenOf,mean,20,all,adm,0.5,0.5,10,-1,1,-1,km,gs#1.00,gs,gs,1.0,tanga,ad2
0,7,193.2771384716034,17.12378191947937,20.258940935134888,yago15,-1,isCitizenOf,mean,20,all,adm,0.5,0.5,4,-1,1,-1,km,gs#1.00,gs,gs,1.0,tanga,ad2
0,6,186.31624388694763,4.375958442687988,30.72325563430786,yago15,-1,isCitizenOf,mean,20,all,adm,0.5,0.5,10,-1,4,-1,km,gs#0.00,gs,gs,0.0,tanga,ad2
0,6,194.62685894966123,2.809135913848877,17.33396553993225,yago15,-1,isCitizenOf,mean,20,all,adm,0.5,0.5,10,-1,4,-1,hdbscan,gs#1.00,gs,gs,1.0,tanga,ad2
0,14,211.14944291114807,9.683770895004272,32.635600328445435,yago15,-1,isCitizenOf,mean,20,all,adm,0.5,0.5,6,-1,1,-1,km,gs#1.00,gs,gs,1.0,tanga,ad2
0,19,219.97319054603577,3.416550397872925,39.754443883895874,yago15,-1,isCitizenOf,mean,20,all,adm,0.5,0.5,10,-1,4,-1,km,gs#0.75,gs,gs,0.75,tanga,ad2
0,0,3171.968419790268,1328.187335729599,4.349085092544556,yago15,-1,isCitizenOf,mean,20,all,adm,0.5,0.5,10,-1,4,1,hdbscan,gs#1.00,gs,gs,1.0,tanga,ad2
0,18,222.03364777565,2.903294086456299,35.64663219451904,yago15,-1,isCitizenOf,mean,20,all,adm,0.5,0.5,10,-1,4,-1,hdbscan,gs#0.25,gs,gs,0.25,tanga,ad2
0,15,209.24169158935547,7.306217908859253,35.72604203224182,yago15,-1,isCitizenOf,mean,20,all,adm,0.5,0.5,6,-1,1,-1,hdbscan,gs#1.00,gs,gs,1.0,tanga,ad2
0,3,3019.0368015766144,1528.470894575119,4.3533570766448975,yago15,-1,isCitizenOf,mean,20,all,adm,0.5,0.5,10,-1,4,1,hdbscan,gs#1.00,gs,gs,1.0,tanga,ad2
0,17,218.21751499176025,5.356414079666138,38.39964318275452,yago15,-1,isCitizenOf,mean,20,all,adm,0.5,0.5,10,-1,1,-1,km,gs#1.00,gs,gs,1.0,tanga,ad2
0,2,3107.4909772872925,3545.147078514099,4.273882150650024,yago15,-1,isCitizenOf,mean,20,all,adm,0.5,0.5,10,-1,4,2,hdbscan,gs#1.00,gs,gs,1.0,tanga,ad2
0,6,181.00179195404053,9.94789433479309,18.05025315284729,yago15,-1,isCitizenOf,mean,20,all,adm,0.5,0.5,6,-1,1,-1,km,gs#1.00,gs,gs,1.0,tanga,ad2
0,14,202.95056891441345,4.016000747680664,31.349895000457764,yago15,-1,isCitizenOf,mean,20,all,adm,0.5,0.5,8,-1,1,-1,hdbscan,gs#1.00,gs,gs,1.0,tanga,ad2
0,2,171.3741819858551,3.0203845500946045,11.0762197971344,yago15,-1,isCitizenOf,mean,20,all,adm,0.5,0.5,10,-1,4,4,km,gs#1.00,gs,gs,1.0,tanga,ad2
0,5,178.6559898853302,3.2075343132019043,16.18018126487732,yago15,-1,isCitizenOf,mean,20,all,adm,0.5,0.5,10,-1,4,-1,km,gs#0.75,gs,gs,0.75,tanga,ad2
0,17,225.0274314880371,3.9342575073242183,65.80738377571106,yago15,-1,isCitizenOf,mean,20,all,adm,0.5,0.5,10,-1,4,-1,km,gs#0.00,gs,gs,0.0,tanga,ad2
0,14,220.87893414497373,58.95891547203064,33.662187337875366,yago15,-1,isCitizenOf,mean,20,all,adm,0.5,0.5,2,-1,1,-1,hdbscan,gs#1.00,gs,gs,1.0,tanga,ad2
0,10,166.01432085037231,2.887656211853028,10.684589624404907,yago15,-1,isCitizenOf,mean,20,all,adm,0.5,0.5,10,-1,4,4,km,gs#1.00,gs,gs,1.0,tanga,ad2
0,14,206.39360880851743,3.1526870727539062,30.67249298095703,yago15,-1,isCitizenOf,mean,20,all,adm,0.5,0.5,10,-1,2,-1,hdbscan,gs#1.00,gs,gs,1.0,tanga,ad2
0,2,175.08893060684204,3.243130922317505,11.333099603652954,yago15,-1,isCitizenOf,mean,20,all,adm,0.5,0.5,10,-1,4,3,km,gs#1.00,gs,gs,1.0,tanga,ad2
0,18,225.06099319458008,3.8056657314300537,68.18405485153198,yago15,-1,isCitizenOf,mean,20,all,adm,0.5,0.5,10,-1,4,-1,km,gs#0.00,gs,gs,0.0,tanga,ad2
0,6,4558.951225280762,1180.9981775283811,4.380812406539917,yago15,-1,isCitizenOf,mean,20,all,adm,0.5,0.5,10,-1,4,1,km,gs#1.00,gs,gs,1.0,tanga,ad2
0,9,193.4318420886993,3.5817582607269287,23.207231283187863,yago15,-1,isCitizenOf,mean,20,all,adm,0.5,0.5,10,-1,1,-1,hdbscan,gs#1.00,gs,gs,1.0,tanga,ad2
0,4,226.97245001792908,5.071974515914917,76.8749566078186,yago15,-1,isCitizenOf,mean,20,all,adm,0.5,0.5,2,-1,1,-1,hdbscan,ir,ir,ir,1.0,tanga,ad2
0,16,207.78544569015503,2.783162832260132,33.742568492889404,yago15,-1,isCitizenOf,mean,20,all,adm,0.5,0.5,10,-1,4,-1,hdbscan,gs#1.00,gs,gs,1.0,tanga,ad2
0,3,176.3813395500183,3.4727394580841064,12.429048299789429,yago15,-1,isCitizenOf,mean,20,all,adm,0.5,0.5,10,-1,2,-1,hdbscan,gs#1.00,gs,gs,1.0,tanga,ad2
0,1,172.24549078941345,13.166841983795166,7.212766170501709,yago15,-1,isCitizenOf,mean,20,all,adm,0.5,0.5,4,-1,1,-1,hdbscan,gs#1.00,gs,gs,1.0,tanga,ad2
0,18,208.46000123023987,2.850297689437866,36.22653889656067,yago15,-1,isCitizenOf,mean,20,all,adm,0.5,0.5,10,-1,4,-1,hdbscan,gs#0.75,gs,gs,0.75,tanga,ad2
0,13,201.23732471466064,2.759437322616577,28.891270399093628,yago15,-1,isCitizenOf,mean,20,all,adm,0.5,0.5,10,-1,4,-1,hdbscan,gs#1.00,gs,gs,1.0,tanga,ad2
0,17,213.1126179695129,2.9891574382781982,35.48730492591858,yago15,-1,isCitizenOf,mean,20,all,adm,0.5,0.5,10,-1,3,-1,hdbscan,gs#1.00,gs,gs,1.0,tanga,ad2
0,2,168.67311596870422,2.76010537147522,10.874792098999023,yago15,-1,isCitizenOf,mean,20,all,adm,0.5,0.5,10,-1,4,-1,hdbscan,gs#0.75,gs,gs,0.75,tanga,ad2
0,12,2937.575661182404,2432.493480920792,4.172117233276367,yago15,-1,isCitizenOf,mean,20,all,adm,0.5,0.5,10,-1,4,3,hdbscan,gs#1.00,gs,gs,1.0,tanga,ad2
0,10,191.66747784614563,2.817528009414673,24.21566343307495,yago15,-1,isCitizenOf,mean,20,all,adm,0.5,0.5,10,-1,4,-1,hdbscan,gs#0.50,gs,gs,0.5,tanga,ad2
0,5,186.76840949058533,3.078526973724365,16.059435844421387,yago15,-1,isCitizenOf,mean,20,all,adm,0.5,0.5,10,-1,4,-1,km,gs#0.50,gs,gs,0.5,tanga,ad2
0,8,192.48997473716736,3.947394132614136,35.64545178413391,yago15,-1,isCitizenOf,mean,20,all,adm,0.5,0.5,10,-1,4,-1,km,gs#0.00,gs,gs,0.0,tanga,ad2
0,2,301.03643798828125,117.6704239845276,14.77298903465271,yago15,-1,isCitizenOf,mean,20,all,adm,0.5,0.5,2,-1,1,-1,km,gs#1.00,gs,gs,1.0,tanga,ad2
0,11,197.9724159240723,12.788965702056885,26.038331747055054,yago15,-1,isCitizenOf,mean,20,all,adm,0.5,0.5,4,-1,1,-1,hdbscan,gs#1.00,gs,gs,1.0,tanga,ad2
0,1,172.19367933273315,2.9532127380371094,9.231425046920776,yago15,-1,isCitizenOf,mean,20,all,adm,0.5,0.5,10,-1,4,-1,km,gs#0.25,gs,gs,0.25,tanga,ad2
0,10,193.1598551273346,2.941556692123413,24.53237652778625,yago15,-1,isCitizenOf,mean,20,all,adm,0.5,0.5,10,-1,4,-1,km,gs#0.25,gs,gs,0.25,tanga,ad2
0,9,167.42404532432556,3.0632224082946777,9.048956871032717,yago15,-1,isCitizenOf,mean,20,all,adm,0.5,0.5,10,-1,4,2,km,gs#1.00,gs,gs,1.0,tanga,ad2
0,2,4957.630455970764,1524.7869625091553,4.3732733726501465,yago15,-1,isCitizenOf,mean,20,all,adm,0.5,0.5,10,-1,4,2,km,gs#1.00,gs,gs,1.0,tanga,ad2
0,19,262.6727645397186,5.046444177627564,103.12206602096558,yago15,-1,isCitizenOf,mean,20,all,adm,0.5,0.5,2,-1,1,-1,hdbscan,ir,ir,ir,1.0,tanga,ad2
0,19,234.91270565986636,3.877871036529541,68.51097774505615,yago15,-1,isCitizenOf,mean,20,all,adm,0.5,0.5,10,-1,4,-1,km,gs#0.00,gs,gs,0.0,tanga,ad2
0,3,177.72074818611145,2.776185750961304,12.35288381576538,yago15,-1,isCitizenOf,mean,20,all,adm,0.5,0.5,10,-1,4,-1,hdbscan,gs#0.75,gs,gs,0.75,tanga,ad2
0,0,4214.753920316696,2194.834256887436,4.457130670547485,yago15,-1,isCitizenOf,mean,20,all,adm,0.5,0.5,10,-1,4,3,km,gs#1.00,gs,gs,1.0,tanga,ad2
0,14,207.7546591758728,2.9859440326690674,30.154276847839355,yago15,-1,isCitizenOf,mean,20,all,adm,0.5,0.5,10,-1,4,-1,km,gs#0.25,gs,gs,0.25,tanga,ad2
0,14,207.6067862510681,2.731622695922852,29.506845474243164,yago15,-1,isCitizenOf,mean,20,all,adm,0.5,0.5,10,-1,4,-1,hdbscan,gs#0.25,gs,gs,0.25,tanga,ad2
0,5,179.5195028781891,12.49700927734375,14.86188268661499,yago15,-1,isCitizenOf,mean,20,all,adm,0.5,0.5,4,-1,1,-1,hdbscan,gs#1.00,gs,gs,1.0,tanga,ad2
0,5,187.89347648620603,18.02821159362793,15.887771606445312,yago15,-1,isCitizenOf,mean,20,all,adm,0.5,0.5,4,-1,1,-1,km,gs#1.00,gs,gs,1.0,tanga,ad2
0,18,217.20290541648865,3.644362688064575,39.758678913116455,yago15,-1,isCitizenOf,mean,20,all,adm,0.5,0.5,10,-1,4,-1,km,gs#1.00,gs,gs,1.0,tanga,ad2
0,8,188.85236763954163,7.571433782577515,20.80191922187805,yago15,-1,isCitizenOf,mean,20,all,adm,0.5,0.5,6,-1,1,-1,hdbscan,gs#1.00,gs,gs,1.0,tanga,ad2
0,10,200.0644488334656,2.8053512573242188,24.341563940048218,yago15,-1,isCitizenOf,mean,20,all,adm,0.5,0.5,10,-1,4,-1,hdbscan,gs#0.00,gs,gs,0.0,tanga,ad2
0,8,188.73592686653137,4.042254447937012,20.7279748916626,yago15,-1,isCitizenOf,mean,20,all,adm,0.5,0.5,8,-1,1,-1,hdbscan,gs#1.00,gs,gs,1.0,tanga,ad2
0,7,193.1639533042908,3.147707462310791,20.14801025390625,yago15,-1,isCitizenOf,mean,20,all,adm,0.5,0.5,10,-1,4,-1,km,gs#0.50,gs,gs,0.5,tanga,ad2
0,0,6828.584762096405,1745.083590507507,3.924848318099976,yago15,-1,isCitizenOf,mean,20,all,adm,0.5,0.5,6,-1,1,-1,km,gs#1.00,gs,gs,1.0,tanga,ad2
0,1,177.7678246498108,14.199156522750854,13.00302791595459,yago15,-1,isCitizenOf,mean,20,all,adm,0.5,0.5,10,-1,4,-1,km,gs#0.00,gs,gs,0.0,tanga,ad2
0,3,176.94291925430298,3.1678762435913086,12.784515142440796,yago15,-1,isCitizenOf,mean,20,all,adm,0.5,0.5,10,-1,4,-1,km,gs#0.75,gs,gs,0.75,tanga,ad2
0,2,176.72409558296204,3.0369622707366943,11.066013097763062,yago15,-1,isCitizenOf,mean,20,all,adm,0.5,0.5,10,-1,3,-1,hdbscan,gs#1.00,gs,gs,1.0,tanga,ad2
0,1,166.99630331993103,2.7016818523406982,8.99035096168518,yago15,-1,isCitizenOf,mean,20,all,adm,0.5,0.5,10,-1,4,4,hdbscan,gs#1.00,gs,gs,1.0,tanga,ad2
0,19,160.47076845169067,3.656219244003296,9.46284532546997,yago15,-1,isCitizenOf,mean,20,all,adm,0.5,0.5,10,-1,4,2,km,gs#1.00,gs,gs,1.0,tanga,ad2
0,6,182.3628032207489,6.999320030212402,18.747695684432983,yago15,-1,isCitizenOf,mean,20,all,adm,0.5,0.5,8,-1,1,-1,km,gs#1.00,gs,gs,1.0,tanga,ad2
0,1,191.16410374641416,78.93326473236084,25.47196388244629,yago15,-1,isCitizenOf,mean,20,all,adm,0.5,0.5,2,-1,1,-1,km,ir,ir,ir,1.0,tanga,ad2
0,3,174.3473482131958,3.5954885482788086,13.019610166549684,yago15,-1,isCitizenOf,mean,20,all,adm,0.5,0.5,10,-1,2,-1,km,gs#1.00,gs,gs,1.0,tanga,ad2
0,17,211.3781909942627,3.076249122619629,36.136253118515015,yago15,-1,isCitizenOf,mean,20,all,adm,0.5,0.5,10,-1,4,-1,km,gs#0.25,gs,gs,0.25,tanga,ad2
0,8,195.54421973228452,2.9066386222839355,20.943801164627075,yago15,-1,isCitizenOf,mean,20,all,adm,0.5,0.5,10,-1,4,-1,hdbscan,gs#1.00,gs,gs,1.0,tanga,ad2
0,3,183.8362128734589,6.714402437210083,12.64507246017456,yago15,-1,isCitizenOf,mean,20,all,adm,0.5,0.5,8,-1,1,-1,km,gs#1.00,gs,gs,1.0,tanga,ad2
0,4,183.5107820034027,5.238584995269775,14.868650674819946,yago15,-1,isCitizenOf,mean,20,all,adm,0.5,0.5,10,-1,1,-1,km,gs#1.00,gs,gs,1.0,tanga,ad2
0,17,207.4617314338684,2.875645875930786,34.55592632293701,yago15,-1,isCitizenOf,mean,20,all,adm,0.5,0.5,10,-1,4,-1,hdbscan,gs#1.00,gs,gs,1.0,tanga,ad2
0,17,211.3638110160828,7.081578731536865,39.19815397262573,yago15,-1,isCitizenOf,mean,20,all,adm,0.5,0.5,6,-1,1,-1,hdbscan,gs#1.00,gs,gs,1.0,tanga,ad2
0,14,204.9998517036438,3.630847215652466,31.91946530342102,yago15,-1,isCitizenOf,mean,20,all,adm,0.5,0.5,10,-1,4,-1,km,gs#1.00,gs,gs,1.0,tanga,ad2
0,11,168.6063380241394,2.9183361530303955,12.275243043899536,yago15,-1,isCitizenOf,mean,20,all,adm,0.5,0.5,10,-1,4,4,km,gs#1.00,gs,gs,1.0,tanga,ad2
0,0,5354.897272586823,1397.323570728302,3.666906595230103,yago15,-1,isCitizenOf,mean,20,all,adm,0.5,0.5,4,-1,1,-1,km,gs#1.00,gs,gs,1.0,tanga,ad2
0,1,174.56109523773193,2.941087007522583,9.457382440567017,yago15,-1,isCitizenOf,mean,20,all,adm,0.5,0.5,10,-1,3,-1,hdbscan,gs#1.00,gs,gs,1.0,tanga,ad2
0,3,288.02939009666443,17.616654634475708,11.762537717819214,yago15,-1,isCitizenOf,mean,20,all,adm,0.5,0.5,4,-1,1,-1,km,gs#1.00,gs,gs,1.0,tanga,ad2
0,0,3539.8669440746307,1365.695034980774,4.426907062530518,yago15,-1,isCitizenOf,mean,20,all,adm,0.5,0.5,10,-1,4,2,km,gs#1.00,gs,gs,1.0,tanga,ad2
0,9,394.1803526878357,121.72155022621156,42.52817368507385,yago15,-1,isCitizenOf,mean,20,all,adm,0.5,0.5,2,-1,1,-1,km,gs#1.00,gs,gs,1.0,tanga,ad2
0,18,162.17396807670593,3.2445719242095947,10.732920169830322,yago15,-1,isCitizenOf,mean,20,all,adm,0.5,0.5,10,-1,4,4,km,gs#1.00,gs,gs,1.0,tanga,ad2
0,5,181.6630699634552,2.855724573135376,15.585455656051636,yago15,-1,isCitizenOf,mean,20,all,adm,0.5,0.5,10,-1,4,-1,hdbscan,gs#0.50,gs,gs,0.5,tanga,ad2
0,11,198.7422711849213,4.135138273239136,25.69687438011169,yago15,-1,isCitizenOf,mean,20,all,adm,0.5,0.5,8,-1,1,-1,hdbscan,gs#1.00,gs,gs,1.0,tanga,ad2
0,14,207.77979373931885,7.618118524551392,51.92082238197327,yago15,-1,isCitizenOf,mean,20,all,adm,0.5,0.5,2,-1,1,-1,km,ir,ir,ir,1.0,tanga,ad2
0,8,189.3202610015869,2.800849914550781,21.016140937805176,yago15,-1,isCitizenOf,mean,20,all,adm,0.5,0.5,10,-1,4,-1,hdbscan,gs#0.75,gs,gs,0.75,tanga,ad2
0,1,170.80286598205566,3.3614838123321533,9.102307558059692,yago15,-1,isCitizenOf,mean,20,all,adm,0.5,0.5,10,-1,1,-1,hdbscan,gs#1.00,gs,gs,1.0,tanga,ad2
0,10,207.35182929039,7.90730619430542,46.663198471069336,yago15,-1,isCitizenOf,mean,20,all,adm,0.5,0.5,2,-1,1,-1,km,ir,ir,ir,1.0,tanga,ad2
0,7,188.00664448738095,6.784687042236328,21.126188039779663,yago15,-1,isCitizenOf,mean,20,all,adm,0.5,0.5,8,-1,1,-1,km,gs#1.00,gs,gs,1.0,tanga,ad2
0,11,164.05733633041382,3.0119071006774902,8.907592535018921,yago15,-1,isCitizenOf,mean,20,all,adm,0.5,0.5,10,-1,4,2,km,gs#1.00,gs,gs,1.0,tanga,ad2
0,1,167.8771436214447,3.2769458293914795,9.2632794380188,yago15,-1,isCitizenOf,mean,20,all,adm,0.5,0.5,10,-1,2,-1,hdbscan,gs#1.00,gs,gs,1.0,tanga,ad2
0,18,212.93104076385495,2.9600088596343994,35.91572189331055,yago15,-1,isCitizenOf,mean,20,all,adm,0.5,0.5,10,-1,4,-1,hdbscan,gs#0.00,gs,gs,0.0,tanga,ad2
0,19,221.78069615364075,61.099602460861206,46.26010656356812,yago15,-1,isCitizenOf,mean,20,all,adm,0.5,0.5,2,-1,1,-1,hdbscan,gs#1.00,gs,gs,1.0,tanga,ad2
0,17,217.14666104316711,2.8302230834960938,34.71447157859802,yago15,-1,isCitizenOf,mean,20,all,adm,0.5,0.5,10,-1,4,-1,hdbscan,gs#0.25,gs,gs,0.25,tanga,ad2
0,3,220.77669858932492,7.192961692810059,11.76895546913147,yago15,-1,isCitizenOf,mean,20,all,adm,0.5,0.5,6,-1,1,-1,hdbscan,gs#1.00,gs,gs,1.0,tanga,ad2
0,3,177.09770226478577,2.961829662322998,12.618408679962158,yago15,-1,isCitizenOf,mean,20,all,adm,0.5,0.5,10,-1,4,-1,hdbscan,gs#0.50,gs,gs,0.5,tanga,ad2
0,5,185.37430262565613,2.775655746459961,15.677600622177124,yago15,-1,isCitizenOf,mean,20,all,adm,0.5,0.5,10,-1,4,-1,hdbscan,gs#0.75,gs,gs,0.75,tanga,ad2
0,17,211.52281045913696,3.2815651893615723,36.55124115943909,yago15,-1,isCitizenOf,mean,20,all,adm,0.5,0.5,10,-1,4,-1,km,gs#0.50,gs,gs,0.5,tanga,ad2
0,17,217.84486317634585,9.710288524627686,39.25100946426392,yago15,-1,isCitizenOf,mean,20,all,adm,0.5,0.5,6,-1,1,-1,km,gs#1.00,gs,gs,1.0,tanga,ad2
0,7,187.8334805965424,2.826420783996582,19.190150260925293,yago15,-1,isCitizenOf,mean,20,all,adm,0.5,0.5,10,-1,4,-1,hdbscan,gs#0.75,gs,gs,0.75,tanga,ad2
0,5,179.6733546257019,5.352473020553589,16.68625783920288,yago15,-1,isCitizenOf,mean,20,all,adm,0.5,0.5,10,-1,1,-1,km,gs#1.00,gs,gs,1.0,tanga,ad2
0,0,234.717541217804,1022.6701409816742,41.7818341255188,yago15,-1,isCitizenOf,mean,20,all,adm,0.5,0.5,2,-1,1,-1,hdbscan,ir,ir,ir,1.0,tanga,ad2
0,17,223.8732709884644,6.772534608840942,38.06330895423889,yago15,-1,isCitizenOf,mean,20,all,adm,0.5,0.5,8,-1,1,-1,km,gs#1.00,gs,gs,1.0,tanga,ad2
0,4,180.5884735584259,3.4737794399261475,14.054409980773926,yago15,-1,isCitizenOf,mean,20,all,adm,0.5,0.5,10,-1,1,-1,hdbscan,gs#1.00,gs,gs,1.0,tanga,ad2
0,7,191.890643119812,54.59090709686279,19.40368723869324,yago15,-1,isCitizenOf,mean,20,all,adm,0.5,0.5,2,-1,1,-1,hdbscan,gs#1.00,gs,gs,1.0,tanga,ad2
0,19,226.45298266410828,7.524081230163574,61.4929404258728,yago15,-1,isCitizenOf,mean,20,all,adm,0.5,0.5,2,-1,1,-1,km,ir,ir,ir,1.0,tanga,ad2
0,10,199.3733067512512,3.1842236518859863,24.938087224960327,yago15,-1,isCitizenOf,mean,20,all,adm,0.5,0.5,10,-1,3,-1,km,gs#1.00,gs,gs,1.0,tanga,ad2
0,2,172.4245963096619,60.24685621261597,8.751925230026245,yago15,-1,isCitizenOf,mean,20,all,adm,0.5,0.5,2,-1,1,-1,hdbscan,gs#1.00,gs,gs,1.0,tanga,ad2
0,7,186.4834578037262,3.741765260696411,33.56521153450012,yago15,-1,isCitizenOf,mean,20,all,adm,0.5,0.5,10,-1,4,-1,km,gs#0.00,gs,gs,0.0,tanga,ad2
0,12,198.94020104408264,2.8200466632843018,27.10462951660156,yago15,-1,isCitizenOf,mean,20,all,adm,0.5,0.5,10,-1,3,-1,hdbscan,gs#1.00,gs,gs,1.0,tanga,ad2
0,13,207.79669666290283,6.8156256675720215,30.03974914550781,yago15,-1,isCitizenOf,mean,20,all,adm,0.5,0.5,6,-1,1,-1,hdbscan,gs#1.00,gs,gs,1.0,tanga,ad2
0,0,5878.193000078201,1066.3651893138883,8.343352794647217,yago15,-1,isCitizenOf,mean,20,all,adm,0.5,0.5,6,-1,1,-1,hdbscan,gs#1.00,gs,gs,1.0,tanga,ad2
0,6,4684.050871372223,1857.5577518939967,4.172773122787476,yago15,-1,isCitizenOf,mean,20,all,adm,0.5,0.5,10,-1,4,2,km,gs#1.00,gs,gs,1.0,tanga,ad2
0,19,223.40800523757932,3.553483247756958,39.80213117599487,yago15,-1,isCitizenOf,mean,20,all,adm,0.5,0.5,10,-1,1,-1,hdbscan,gs#1.00,gs,gs,1.0,tanga,ad2
0,4,167.78664326667786,3.0960464477539062,9.06845235824585,yago15,-1,isCitizenOf,mean,20,all,adm,0.5,0.5,10,-1,4,3,hdbscan,gs#1.00,gs,gs,1.0,tanga,ad2
0,12,200.8605008125305,4.006434440612793,29.80302619934082,yago15,-1,isCitizenOf,mean,20,all,adm,0.5,0.5,8,-1,1,-1,hdbscan,gs#1.00,gs,gs,1.0,tanga,ad2
0,17,256.53148102760315,5.234907388687134,100.50222110748292,yago15,-1,isCitizenOf,mean,20,all,adm,0.5,0.5,2,-1,1,-1,hdbscan,ir,ir,ir,1.0,tanga,ad2
0,3,170.96141815185547,2.593780279159546,9.01612424850464,yago15,-1,isCitizenOf,mean,20,all,adm,0.5,0.5,10,-1,4,2,hdbscan,gs#1.00,gs,gs,1.0,tanga,ad2
0,8,191.6469898223877,3.321685075759888,21.243573665618896,yago15,-1,isCitizenOf,mean,20,all,adm,0.5,0.5,10,-1,4,-1,km,gs#0.75,gs,gs,0.75,tanga,ad2
0,17,210.8167312145233,3.655524253845215,36.92870378494263,yago15,-1,isCitizenOf,mean,20,all,adm,0.5,0.5,10,-1,2,-1,km,gs#1.00,gs,gs,1.0,tanga,ad2
0,16,214.87600469589236,9.598754167556764,37.43584895133972,yago15,-1,isCitizenOf,mean,20,all,adm,0.5,0.5,6,-1,1,-1,km,gs#1.00,gs,gs,1.0,tanga,ad2
0,4,180.5791771411896,6.80631160736084,13.624521732330322,yago15,-1,isCitizenOf,mean,20,all,adm,0.5,0.5,6,-1,1,-1,hdbscan,gs#1.00,gs,gs,1.0,tanga,ad2
0,14,206.704576253891,2.8237862586975098,29.956695556640625,yago15,-1,isCitizenOf,mean,20,all,adm,0.5,0.5,10,-1,4,-1,hdbscan,gs#0.00,gs,gs,0.0,tanga,ad2
0,12,196.4359517097473,2.7044661045074463,27.252229928970337,yago15,-1,isCitizenOf,mean,20,all,adm,0.5,0.5,10,-1,4,-1,hdbscan,gs#1.00,gs,gs,1.0,tanga,ad2
0,15,211.1691007614136,7.079300880432129,36.1062319278717,yago15,-1,isCitizenOf,mean,20,all,adm,0.5,0.5,8,-1,1,-1,km,gs#1.00,gs,gs,1.0,tanga,ad2
0,11,198.85749292373657,3.487976312637329,26.232839822769165,yago15,-1,isCitizenOf,mean,20,all,adm,0.5,0.5,10,-1,1,-1,hdbscan,gs#1.00,gs,gs,1.0,tanga,ad2
0,18,222.4152984619141,7.5622007846832275,40.19165802001953,yago15,-1,isCitizenOf,mean,20,all,adm,0.5,0.5,8,-1,1,-1,km,gs#1.00,gs,gs,1.0,tanga,ad2
0,8,4470.063765764236,1635.2842197418213,4.126487731933594,yago15,-1,isCitizenOf,mean,20,all,adm,0.5,0.5,10,-1,4,1,km,gs#1.00,gs,gs,1.0,tanga,ad2
0,2,172.9459753036499,4.497264623641968,16.733089208602905,yago15,-1,isCitizenOf,mean,20,all,adm,0.5,0.5,10,-1,4,-1,km,gs#0.00,gs,gs,0.0,tanga,ad2
0,11,197.99296689033508,3.275636672973633,26.780540943145752,yago15,-1,isCitizenOf,mean,20,all,adm,0.5,0.5,10,-1,3,-1,km,gs#1.00,gs,gs,1.0,tanga,ad2
0,14,209.84838771820068,6.9295055866241455,33.06542611122131,yago15,-1,isCitizenOf,mean,20,all,adm,0.5,0.5,8,-1,1,-1,km,gs#1.00,gs,gs,1.0,tanga,ad2
0,6,191.9795408248901,2.6710262298583984,17.46420955657959,yago15,-1,isCitizenOf,mean,20,all,adm,0.5,0.5,10,-1,4,-1,hdbscan,gs#0.25,gs,gs,0.25,tanga,ad2
0,17,212.9600431919098,3.5772478580474854,36.89823603630066,yago15,-1,isCitizenOf,mean,20,all,adm,0.5,0.5,10,-1,4,-1,km,gs#1.00,gs,gs,1.0,tanga,ad2
0,7,184.02904772758484,2.9058759212493896,19.20497226715088,yago15,-1,isCitizenOf,mean,20,all,adm,0.5,0.5,10,-1,4,-1,hdbscan,gs#0.50,gs,gs,0.5,tanga,ad2
0,7,190.51403665542605,7.39363694190979,41.097548484802246,yago15,-1,isCitizenOf,mean,20,all,adm,0.5,0.5,2,-1,1,-1,km,ir,ir,ir,1.0,tanga,ad2
0,9,194.94827699661252,2.828086853027344,22.501930952072144,yago15,-1,isCitizenOf,mean,20,all,adm,0.5,0.5,10,-1,4,-1,hdbscan,gs#1.00,gs,gs,1.0,tanga,ad2
0,19,222.2008967399597,3.616428852081299,41.15974712371826,yago15,-1,isCitizenOf,mean,20,all,adm,0.5,0.5,10,-1,4,-1,km,gs#1.00,gs,gs,1.0,tanga,ad2
0,9,195.1442031860352,2.889857292175293,22.46509337425232,yago15,-1,isCitizenOf,mean,20,all,adm,0.5,0.5,10,-1,3,-1,hdbscan,gs#1.00,gs,gs,1.0,tanga,ad2
0,9,199.6672122478485,7.408340930938721,44.34585928916931,yago15,-1,isCitizenOf,mean,20,all,adm,0.5,0.5,2,-1,1,-1,km,ir,ir,ir,1.0,tanga,ad2
0,16,220.3067252635956,3.405958890914917,36.569533824920654,yago15,-1,isCitizenOf,mean,20,all,adm,0.5,0.5,10,-1,1,-1,hdbscan,gs#1.00,gs,gs,1.0,tanga,ad2
0,2,217.24721026420596,5.011567831039429,74.25956463813782,yago15,-1,isCitizenOf,mean,20,all,adm,0.5,0.5,2,-1,1,-1,hdbscan,ir,ir,ir,1.0,tanga,ad2
0,3,175.2136619091034,2.767982006072998,12.272920846939089,yago15,-1,isCitizenOf,mean,20,all,adm,0.5,0.5,10,-1,4,4,hdbscan,gs#1.00,gs,gs,1.0,tanga,ad2
0,19,219.5479438304901,2.899918794631958,37.93602967262268,yago15,-1,isCitizenOf,mean,20,all,adm,0.5,0.5,10,-1,4,-1,hdbscan,gs#0.25,gs,gs,0.25,tanga,ad2
0,1,171.4748136997223,2.728238344192505,8.944236755371094,yago15,-1,isCitizenOf,mean,20,all,adm,0.5,0.5,10,-1,4,3,hdbscan,gs#1.00,gs,gs,1.0,tanga,ad2
0,7,207.2282338142395,59.80787777900696,20.927197217941284,yago15,-1,isCitizenOf,mean,20,all,adm,0.5,0.5,2,-1,1,-1,km,gs#1.00,gs,gs,1.0,tanga,ad2
0,14,246.0844683647156,5.149244546890259,92.4151656627655,yago15,-1,isCitizenOf,mean,20,all,adm,0.5,0.5,2,-1,1,-1,hdbscan,ir,ir,ir,1.0,tanga,ad2
0,0,3232.3172841072083,2860.0928897857666,4.430104494094849,yago15,-1,isCitizenOf,mean,20,all,adm,0.5,0.5,10,-1,4,2,hdbscan,gs#1.00,gs,gs,1.0,tanga,ad2
0,11,193.7339587211609,2.7496395111083984,25.5103862285614,yago15,-1,isCitizenOf,mean,20,all,adm,0.5,0.5,10,-1,4,-1,hdbscan,gs#0.25,gs,gs,0.25,tanga,ad2
0,5,172.84652137756348,2.971953868865967,10.965486764907835,yago15,-1,isCitizenOf,mean,20,all,adm,0.5,0.5,10,-1,4,3,hdbscan,gs#1.00,gs,gs,1.0,tanga,ad2
0,1,3819.679072856903,1600.373173713684,4.378819227218628,yago15,-1,isCitizenOf,mean,20,all,adm,0.5,0.5,10,-1,4,1,km,gs#1.00,gs,gs,1.0,tanga,ad2
0,4,4201.764781475067,1498.7587804794312,4.348138332366943,yago15,-1,isCitizenOf,mean,20,all,adm,0.5,0.5,10,-1,4,2,km,gs#1.00,gs,gs,1.0,tanga,ad2
0,9,189.9462869167328,6.745185375213623,23.767969131469727,yago15,-1,isCitizenOf,mean,20,all,adm,0.5,0.5,8,-1,1,-1,km,gs#1.00,gs,gs,1.0,tanga,ad2
0,10,236.77980279922485,62.153273582458496,27.416216135025024,yago15,-1,isCitizenOf,mean,20,all,adm,0.5,0.5,2,-1,1,-1,km,gs#1.00,gs,gs,1.0,tanga,ad2
0,1,175.3649537563324,3.23264741897583,9.220642805099487,yago15,-1,isCitizenOf,mean,20,all,adm,0.5,0.5,10,-1,3,-1,km,gs#1.00,gs,gs,1.0,tanga,ad2
0,18,233.4384813308716,58.53324103355408,45.28496050834656,yago15,-1,isCitizenOf,mean,20,all,adm,0.5,0.5,2,-1,1,-1,km,gs#1.00,gs,gs,1.0,tanga,ad2
0,15,202.5288667678833,2.781100273132324,32.709532499313354,yago15,-1,isCitizenOf,mean,20,all,adm,0.5,0.5,10,-1,4,-1,hdbscan,gs#0.75,gs,gs,0.75,tanga,ad2
0,1,281.97439074516296,12.439496994018556,13.358595848083496,yago15,-1,isCitizenOf,mean,20,all,adm,0.5,0.5,6,-1,1,-1,hdbscan,gs#1.00,gs,gs,1.0,tanga,ad2
0,2,170.4081802368164,3.221932888031006,11.08822536468506,yago15,-1,isCitizenOf,mean,20,all,adm,0.5,0.5,10,-1,2,-1,hdbscan,gs#1.00,gs,gs,1.0,tanga,ad2
0,1,170.6259970664978,3.076069593429565,9.428656816482544,yago15,-1,isCitizenOf,mean,20,all,adm,0.5,0.5,10,-1,4,4,km,gs#1.00,gs,gs,1.0,tanga,ad2
0,11,198.1188621520996,3.252913236618042,26.745577812194824,yago15,-1,isCitizenOf,mean,20,all,adm,0.5,0.5,10,-1,4,-1,km,gs#0.75,gs,gs,0.75,tanga,ad2
0,11,195.8115880489349,2.8388350009918213,25.69721269607544,yago15,-1,isCitizenOf,mean,20,all,adm,0.5,0.5,10,-1,4,-1,hdbscan,gs#0.50,gs,gs,0.5,tanga,ad2
0,18,228.0266091823578,5.334876298904419,40.907931327819824,yago15,-1,isCitizenOf,mean,20,all,adm,0.5,0.5,10,-1,1,-1,km,gs#1.00,gs,gs,1.0,tanga,ad2
0,11,197.47247076034543,3.495981454849243,26.93206095695496,yago15,-1,isCitizenOf,mean,20,all,adm,0.5,0.5,10,-1,4,-1,km,gs#1.00,gs,gs,1.0,tanga,ad2
0,11,245.35846757888797,5.196265697479248,88.50045609474182,yago15,-1,isCitizenOf,mean,20,all,adm,0.5,0.5,2,-1,1,-1,hdbscan,ir,ir,ir,1.0,tanga,ad2
0,8,186.9012820720673,3.1852707862854004,21.06392765045166,yago15,-1,isCitizenOf,mean,20,all,adm,0.5,0.5,10,-1,2,-1,hdbscan,gs#1.00,gs,gs,1.0,tanga,ad2
0,10,198.15162777900696,3.2302417755126958,24.965614318847656,yago15,-1,isCitizenOf,mean,20,all,adm,0.5,0.5,10,-1,4,-1,km,gs#0.75,gs,gs,0.75,tanga,ad2
0,8,193.41404485702515,2.884225845336914,20.85945463180542,yago15,-1,isCitizenOf,mean,20,all,adm,0.5,0.5,10,-1,3,-1,hdbscan,gs#1.00,gs,gs,1.0,tanga,ad2
0,7,182.61993646621704,2.856428384780884,19.089942455291748,yago15,-1,isCitizenOf,mean,20,all,adm,0.5,0.5,10,-1,4,-1,hdbscan,gs#1.00,gs,gs,1.0,tanga,ad2
0,14,200.61035776138303,2.8836944103240967,30.10651278495789,yago15,-1,isCitizenOf,mean,20,all,adm,0.5,0.5,10,-1,3,-1,hdbscan,gs#1.00,gs,gs,1.0,tanga,ad2
0,8,189.9034309387207,3.5276012420654297,21.17023539543152,yago15,-1,isCitizenOf,mean,20,all,adm,0.5,0.5,10,-1,2,-1,km,gs#1.00,gs,gs,1.0,tanga,ad2
0,16,212.6928486824036,7.283571720123291,38.16183853149414,yago15,-1,isCitizenOf,mean,20,all,adm,0.5,0.5,8,-1,1,-1,km,gs#1.00,gs,gs,1.0,tanga,ad2
0,5,182.0028474330902,3.3581387996673584,15.896652698516846,yago15,-1,isCitizenOf,mean,20,all,adm,0.5,0.5,10,-1,4,-1,km,gs#1.00,gs,gs,1.0,tanga,ad2
0,19,221.30863547325131,3.256685733795166,39.9003541469574,yago15,-1,isCitizenOf,mean,20,all,adm,0.5,0.5,10,-1,4,-1,km,gs#0.50,gs,gs,0.5,tanga,ad2
0,14,171.2055377960205,2.728459596633911,10.47631049156189,yago15,-1,isCitizenOf,mean,20,all,adm,0.5,0.5,10,-1,4,3,hdbscan,gs#1.00,gs,gs,1.0,tanga,ad2
0,9,5205.733453035355,1225.6921081542969,4.389416694641113,yago15,-1,isCitizenOf,mean,20,all,adm,0.5,0.5,10,-1,4,1,km,gs#1.00,gs,gs,1.0,tanga,ad2
0,19,233.4835877418518,57.09734106063843,46.51472735404968,yago15,-1,isCitizenOf,mean,20,all,adm,0.5,0.5,2,-1,1,-1,km,gs#1.00,gs,gs,1.0,tanga,ad2
0,17,209.35824513435364,3.271963357925415,35.58396673202515,yago15,-1,isCitizenOf,mean,20,all,adm,0.5,0.5,10,-1,4,-1,km,gs#0.75,gs,gs,0.75,tanga,ad2
0,11,200.4471538066864,7.376515865325928,47.540329694747925,yago15,-1,isCitizenOf,mean,20,all,adm,0.5,0.5,2,-1,1,-1,km,ir,ir,ir,1.0,tanga,ad2
0,4,188.56533670425412,16.807522535324097,13.770814180374146,yago15,-1,isCitizenOf,mean,20,all,adm,0.5,0.5,4,-1,1,-1,km,gs#1.00,gs,gs,1.0,tanga,ad2
0,6,4964.76252746582,2185.1437633037567,4.397440195083618,yago15,-1,isCitizenOf,mean,20,all,adm,0.5,0.5,10,-1,4,3,km,gs#1.00,gs,gs,1.0,tanga,ad2
0,17,165.76255774497986,3.3779783248901367,9.185302734375,yago15,-1,isCitizenOf,mean,20,all,adm,0.5,0.5,10,-1,4,2,km,gs#1.00,gs,gs,1.0,tanga,ad2
0,18,252.6866240501404,5.362799167633057,100.6380627155304,yago15,-1,isCitizenOf,mean,20,all,adm,0.5,0.5,2,-1,1,-1,hdbscan,ir,ir,ir,1.0,tanga,ad2
0,2,180.5645260810852,6.924534797668457,10.896185636520386,yago15,-1,isCitizenOf,mean,20,all,adm,0.5,0.5,8,-1,1,-1,km,gs#1.00,gs,gs,1.0,tanga,ad2
0,13,212.4535675048828,2.900726318359375,28.820773601531982,yago15,-1,isCitizenOf,mean,20,all,adm,0.5,0.5,10,-1,4,-1,hdbscan,gs#0.00,gs,gs,0.0,tanga,ad2
0,4,311.4121079444885,119.29073452949524,23.278363466262817,yago15,-1,isCitizenOf,mean,20,all,adm,0.5,0.5,2,-1,1,-1,km,gs#1.00,gs,gs,1.0,tanga,ad2
0,0,3511.2869024276733,2933.080554485321,4.480982780456543,yago15,-1,isCitizenOf,mean,20,all,adm,0.5,0.5,10,-1,4,-1,hdbscan,gs#0.75,gs,gs,0.75,tanga,ad2
0,14,204.64522671699524,3.078976631164551,30.643076181411743,yago15,-1,isCitizenOf,mean,20,all,adm,0.5,0.5,10,-1,4,-1,km,gs#0.50,gs,gs,0.5,tanga,ad2
0,15,205.69568610191345,2.843202352523804,32.531121492385864,yago15,-1,isCitizenOf,mean,20,all,adm,0.5,0.5,10,-1,4,-1,hdbscan,gs#0.00,gs,gs,0.0,tanga,ad2
0,11,196.30904936790463,2.9293580055236816,25.74374556541443,yago15,-1,isCitizenOf,mean,20,all,adm,0.5,0.5,10,-1,3,-1,hdbscan,gs#1.00,gs,gs,1.0,tanga,ad2
0,1,170.95053720474243,11.645161867141724,7.90608811378479,yago15,-1,isCitizenOf,mean,20,all,adm,0.5,0.5,10,-1,4,3,km,gs#0.00,gs,gs,0.0,tanga,ad2
0,10,200.75495409965515,3.645291328430176,42.51885628700256,yago15,-1,isCitizenOf,mean,20,all,adm,0.5,0.5,10,-1,4,-1,km,gs#0.00,gs,gs,0.0,tanga,ad2
0,11,204.2565450668335,3.982807874679565,45.676679611206055,yago15,-1,isCitizenOf,mean,20,all,adm,0.5,0.5,10,-1,4,-1,km,gs#0.00,gs,gs,0.0,tanga,ad2
0,2,181.78015613555908,25.03731608390808,31.33141279220581,yago15,-1,isCitizenOf,mean,20,all,adm,0.5,0.5,2,-1,1,-1,km,ir,ir,ir,1.0,tanga,ad2
0,19,221.4636323451996,6.978393316268921,43.94088363647461,yago15,-1,isCitizenOf,mean,20,all,adm,0.5,0.5,8,-1,1,-1,km,gs#1.00,gs,gs,1.0,tanga,ad2
0,8,187.9056701660156,3.099475145339966,20.57735252380371,yago15,-1,isCitizenOf,mean,20,all,adm,0.5,0.5,10,-1,4,-1,km,gs#0.50,gs,gs,0.5,tanga,ad2
0,15,254.19404077529907,4.855382204055786,99.00301861763,yago15,-1,isCitizenOf,mean,20,all,adm,0.5,0.5,2,-1,1,-1,hdbscan,ir,ir,ir,1.0,tanga,ad2
0,6,169.58507633209229,3.1106550693511963,11.108997106552124,yago15,-1,isCitizenOf,mean,20,all,adm,0.5,0.5,10,-1,4,4,km,gs#1.00,gs,gs,1.0,tanga,ad2
0,19,229.2133524417877,5.384042501449585,43.01956105232239,yago15,-1,isCitizenOf,mean,20,all,adm,0.5,0.5,10,-1,1,-1,km,gs#1.00,gs,gs,1.0,tanga,ad2
0,12,202.05414962768555,3.252810478210449,27.493814706802368,yago15,-1,isCitizenOf,mean,20,all,adm,0.5,0.5,10,-1,3,-1,km,gs#1.00,gs,gs,1.0,tanga,ad2
0,16,5001.354292869568,1673.294250011444,4.304912090301514,yago15,-1,isCitizenOf,mean,20,all,adm,0.5,0.5,10,-1,4,2,km,gs#1.00,gs,gs,1.0,tanga,ad2
0,15,211.9427034854889,7.663711071014404,56.60487174987793,yago15,-1,isCitizenOf,mean,20,all,adm,0.5,0.5,2,-1,1,-1,km,ir,ir,ir,1.0,tanga,ad2
0,17,211.1229605674744,3.280333995819092,36.1260883808136,yago15,-1,isCitizenOf,mean,20,all,adm,0.5,0.5,10,-1,2,-1,hdbscan,gs#1.00,gs,gs,1.0,tanga,ad2
0,1,177.71091723442078,3.0419933795928955,9.277072668075562,yago15,-1,isCitizenOf,mean,20,all,adm,0.5,0.5,10,-1,4,-1,km,gs#0.50,gs,gs,0.5,tanga,ad2
0,1,171.27815580368042,3.269763231277466,9.325014352798462,yago15,-1,isCitizenOf,mean,20,all,adm,0.5,0.5,10,-1,4,3,km,gs#1.00,gs,gs,1.0,tanga,ad2
0,0,3289.6435499191284,2724.49649477005,4.326048374176025,yago15,-1,isCitizenOf,mean,20,all,adm,0.5,0.5,10,-1,4,4,hdbscan,gs#1.00,gs,gs,1.0,tanga,ad2
0,13,202.6533920764923,4.113801956176758,29.2327082157135,yago15,-1,isCitizenOf,mean,20,all,adm,0.5,0.5,8,-1,1,-1,hdbscan,gs#1.00,gs,gs,1.0,tanga,ad2
0,3,175.2356379032135,14.131258726119995,11.443395853042604,yago15,-1,isCitizenOf,mean,20,all,adm,0.5,0.5,4,-1,1,-1,hdbscan,gs#1.00,gs,gs,1.0,tanga,ad2
0,3,180.78946185112,3.950998067855835,12.078670024871826,yago15,-1,isCitizenOf,mean,20,all,adm,0.5,0.5,8,-1,1,-1,hdbscan,gs#1.00,gs,gs,1.0,tanga,ad2
0,18,216.88409233093265,2.891046524047852,35.79727506637573,yago15,-1,isCitizenOf,mean,20,all,adm,0.5,0.5,10,-1,4,-1,hdbscan,gs#1.00,gs,gs,1.0,tanga,ad2
0,3,172.66500115394592,9.305003643035889,12.29557466506958,yago15,-1,isCitizenOf,mean,20,all,adm,0.5,0.5,6,-1,1,-1,km,gs#1.00,gs,gs,1.0,tanga,ad2
0,16,215.5229456424713,3.5766372680664062,35.48507833480835,yago15,-1,isCitizenOf,mean,20,all,adm,0.5,0.5,10,-1,2,-1,km,gs#1.00,gs,gs,1.0,tanga,ad2
0,12,200.24422669410703,7.287644863128662,50.290013790130615,yago15,-1,isCitizenOf,mean,20,all,adm,0.5,0.5,2,-1,1,-1,km,ir,ir,ir,1.0,tanga,ad2
0,10,201.39361119270325,3.475757360458374,24.94279527664185,yago15,-1,isCitizenOf,mean,20,all,adm,0.5,0.5,10,-1,4,-1,km,gs#1.00,gs,gs,1.0,tanga,ad2
0,5,306.7183151245117,123.74444603919984,26.76492810249329,yago15,-1,isCitizenOf,mean,20,all,adm,0.5,0.5,2,-1,1,-1,km,gs#1.00,gs,gs,1.0,tanga,ad2
0,3,172.42978358268738,3.8570425510406494,20.639957904815677,yago15,-1,isCitizenOf,mean,20,all,adm,0.5,0.5,10,-1,4,-1,km,gs#0.00,gs,gs,0.0,tanga,ad2
0,4,179.1418974399567,3.325791835784912,14.394535064697266,yago15,-1,isCitizenOf,mean,20,all,adm,0.5,0.5,10,-1,2,-1,hdbscan,gs#1.00,gs,gs,1.0,tanga,ad2
0,8,193.03828835487369,9.587311506271362,23.08378219604492,yago15,-1,isCitizenOf,mean,20,all,adm,0.5,0.5,6,-1,1,-1,km,gs#1.00,gs,gs,1.0,tanga,ad2
0,8,189.602769613266,3.230849266052246,20.906330585479736,yago15,-1,isCitizenOf,mean,20,all,adm,0.5,0.5,10,-1,3,-1,km,gs#1.00,gs,gs,1.0,tanga,ad2
0,11,198.224839925766,5.243644714355469,27.883636713027958,yago15,-1,isCitizenOf,mean,20,all,adm,0.5,0.5,10,-1,1,-1,km,gs#1.00,gs,gs,1.0,tanga,ad2
0,10,194.8782663345337,7.235617637634277,24.901477336883545,yago15,-1,isCitizenOf,mean,20,all,adm,0.5,0.5,6,-1,1,-1,hdbscan,gs#1.00,gs,gs,1.0,tanga,ad2
0,4,181.0505104064941,2.8180267810821533,14.113439559936523,yago15,-1,isCitizenOf,mean,20,all,adm,0.5,0.5,10,-1,4,-1,hdbscan,gs#0.75,gs,gs,0.75,tanga,ad2
0,0,3926.6970002651215,748.5927708148956,5.78156304359436,yago15,-1,isCitizenOf,mean,20,all,adm,0.5,0.5,10,-1,4,-1,km,gs#0.00,gs,gs,0.0,tanga,ad2
0,0,3423.2041630744934,3020.153977870941,4.495594024658203,yago15,-1,isCitizenOf,mean,20,all,adm,0.5,0.5,10,-1,3,-1,hdbscan,gs#1.00,gs,gs,1.0,tanga,ad2
0,9,191.1211154460907,2.914559125900269,22.65260624885559,yago15,-1,isCitizenOf,mean,20,all,adm,0.5,0.5,10,-1,4,-1,km,gs#0.25,gs,gs,0.25,tanga,ad2
0,3,4766.615113019943,1353.4492619037628,4.469935894012451,yago15,-1,isCitizenOf,mean,20,all,adm,0.5,0.5,10,-1,4,3,km,gs#1.00,gs,gs,1.0,tanga,ad2
0,8,4591.922075510025,1365.191065311432,4.13531756401062,yago15,-1,isCitizenOf,mean,20,all,adm,0.5,0.5,10,-1,4,4,km,gs#1.00,gs,gs,1.0,tanga,ad2
0,3,303.9973638057709,119.38956022262572,18.452738761901852,yago15,-1,isCitizenOf,mean,20,all,adm,0.5,0.5,2,-1,1,-1,km,gs#1.00,gs,gs,1.0,tanga,ad2
0,11,198.94301462173465,7.025031805038452,25.95377016067505,yago15,-1,isCitizenOf,mean,20,all,adm,0.5,0.5,6,-1,1,-1,hdbscan,gs#1.00,gs,gs,1.0,tanga,ad2
0,15,169.2235143184662,2.9538793563842773,12.490137338638306,yago15,-1,isCitizenOf,mean,20,all,adm,0.5,0.5,10,-1,4,4,km,gs#1.00,gs,gs,1.0,tanga,ad2
0,12,198.2456109523773,3.1854665279388428,27.29780316352844,yago15,-1,isCitizenOf,mean,20,all,adm,0.5,0.5,10,-1,4,-1,km,gs#0.75,gs,gs,0.75,tanga,ad2
0,14,205.1497321128845,2.8291640281677246,29.826488971710205,yago15,-1,isCitizenOf,mean,20,all,adm,0.5,0.5,10,-1,4,-1,hdbscan,gs#0.50,gs,gs,0.5,tanga,ad2
0,18,223.41012835502625,17.875622034072876,42.14409351348877,yago15,-1,isCitizenOf,mean,20,all,adm,0.5,0.5,4,-1,1,-1,km,gs#1.00,gs,gs,1.0,tanga,ad2
0,14,204.0509078502655,3.3097760677337646,30.98378276824951,yago15,-1,isCitizenOf,mean,20,all,adm,0.5,0.5,10,-1,3,-1,km,gs#1.00,gs,gs,1.0,tanga,ad2
0,0,4808.491178035736,2605.8125298023224,3.797318458557129,yago15,-1,isCitizenOf,mean,20,all,adm,0.5,0.5,10,-1,4,3,km,gs#0.00,gs,gs,0.0,tanga,ad2
0,0,4892.939533472061,2770.73845911026,6.0483832359313965,yago15,-1,isCitizenOf,mean,20,all,adm,0.5,0.5,8,-1,1,-1,hdbscan,gs#1.00,gs,gs,1.0,tanga,ad2
0,17,222.75356149673465,13.51210069656372,38.24423050880432,yago15,-1,isCitizenOf,mean,20,all,adm,0.5,0.5,4,-1,1,-1,hdbscan,gs#1.00,gs,gs,1.0,tanga,ad2
0,4,174.17898726463318,2.6920745372772217,13.864116907119753,yago15,-1,isCitizenOf,mean,20,all,adm,0.5,0.5,10,-1,4,-1,hdbscan,gs#1.00,gs,gs,1.0,tanga,ad2
0,10,4209.3943881988525,1726.344435453415,4.142581462860107,yago15,-1,isCitizenOf,mean,20,all,adm,0.5,0.5,10,-1,4,2,km,gs#1.00,gs,gs,1.0,tanga,ad2
0,7,172.1440122127533,3.12548828125,12.713439464569092,yago15,-1,isCitizenOf,mean,20,all,adm,0.5,0.5,10,-1,4,4,km,gs#1.00,gs,gs,1.0,tanga,ad2
0,15,209.427898645401,3.117805242538452,32.68584489822388,yago15,-1,isCitizenOf,mean,20,all,adm,0.5,0.5,10,-1,2,-1,hdbscan,gs#1.00,gs,gs,1.0,tanga,ad2
0,3,179.04664731025696,2.805065155029297,12.3118257522583,yago15,-1,isCitizenOf,mean,20,all,adm,0.5,0.5,10,-1,4,-1,hdbscan,gs#0.25,gs,gs,0.25,tanga,ad2
0,5,180.9124357700348,3.2243754863739014,15.9832923412323,yago15,-1,isCitizenOf,mean,20,all,adm,0.5,0.5,10,-1,2,-1,hdbscan,gs#1.00,gs,gs,1.0,tanga,ad2
0,12,201.1812105178833,2.7509706020355225,26.720584392547607,yago15,-1,isCitizenOf,mean,20,all,adm,0.5,0.5,10,-1,4,-1,hdbscan,gs#0.00,gs,gs,0.0,tanga,ad2
0,3,173.866308927536,55.45063447952271,11.087055444717407,yago15,-1,isCitizenOf,mean,20,all,adm,0.5,0.5,2,-1,1,-1,hdbscan,gs#1.00,gs,gs,1.0,tanga,ad2
0,11,202.5006709098816,2.7971339225769043,27.60117769241333,yago15,-1,isCitizenOf,mean,20,all,adm,0.5,0.5,10,-1,4,-1,hdbscan,gs#1.00,gs,gs,1.0,tanga,ad2
0,19,223.6224594116211,2.988593339920044,38.53771448135376,yago15,-1,isCitizenOf,mean,20,all,adm,0.5,0.5,10,-1,3,-1,hdbscan,gs#1.00,gs,gs,1.0,tanga,ad2
0,8,189.12020587921145,2.7845163345336914,20.642456531524655,yago15,-1,isCitizenOf,mean,20,all,adm,0.5,0.5,10,-1,4,-1,hdbscan,gs#0.25,gs,gs,0.25,tanga,ad2
0,10,192.527734041214,2.997189283370972,23.55032777786255,yago15,-1,isCitizenOf,mean,20,all,adm,0.5,0.5,10,-1,3,-1,hdbscan,gs#1.00,gs,gs,1.0,tanga,ad2
0,4,174.0114462375641,2.8942196369171143,9.414790868759155,yago15,-1,isCitizenOf,mean,20,all,adm,0.5,0.5,10,-1,4,3,km,gs#1.00,gs,gs,1.0,tanga,ad2
0,1,169.08287000656128,2.796238899230957,9.03456711769104,yago15,-1,isCitizenOf,mean,20,all,adm,0.5,0.5,10,-1,4,-1,hdbscan,gs#0.25,gs,gs,0.25,tanga,ad2
0,11,196.5689091682434,3.520155668258667,26.60128378868103,yago15,-1,isCitizenOf,mean,20,all,adm,0.5,0.5,10,-1,2,-1,km,gs#1.00,gs,gs,1.0,tanga,ad2
0,12,203.22007536888125,3.0745036602020264,27.305325269699097,yago15,-1,isCitizenOf,mean,20,all,adm,0.5,0.5,10,-1,4,-1,km,gs#0.25,gs,gs,0.25,tanga,ad2
0,10,196.3635087013245,6.869489908218384,25.965778589248657,yago15,-1,isCitizenOf,mean,20,all,adm,0.5,0.5,8,-1,1,-1,km,gs#1.00,gs,gs,1.0,tanga,ad2
0,14,207.9950189590454,6.938686370849609,31.930227994918823,yago15,-1,isCitizenOf,mean,20,all,adm,0.5,0.5,6,-1,1,-1,hdbscan,gs#1.00,gs,gs,1.0,tanga,ad2
0,13,204.0999805927277,2.9095637798309326,29.286107778549194,yago15,-1,isCitizenOf,mean,20,all,adm,0.5,0.5,10,-1,3,-1,hdbscan,gs#1.00,gs,gs,1.0,tanga,ad2
0,19,175.38326287269592,3.205638647079468,12.749366760253906,yago15,-1,isCitizenOf,mean,20,all,adm,0.5,0.5,10,-1,4,4,km,gs#1.00,gs,gs,1.0,tanga,ad2
0,5,182.54513096809387,3.4575116634368896,16.07669496536255,yago15,-1,isCitizenOf,mean,20,all,adm,0.5,0.5,10,-1,1,-1,hdbscan,gs#1.00,gs,gs,1.0,tanga,ad2
0,14,218.6377339363098,17.94922947883606,33.45168852806091,yago15,-1,isCitizenOf,mean,20,all,adm,0.5,0.5,4,-1,1,-1,km,gs#1.00,gs,gs,1.0,tanga,ad2
0,7,5246.277606487274,1702.7057452201843,4.209776878356934,yago15,-1,isCitizenOf,mean,20,all,adm,0.5,0.5,10,-1,4,1,km,gs#1.00,gs,gs,1.0,tanga,ad2
0,13,169.52001905441284,3.1492388248443604,9.45540165901184,yago15,-1,isCitizenOf,mean,20,all,adm,0.5,0.5,10,-1,4,2,km,gs#1.00,gs,gs,1.0,tanga,ad2
0,5,167.33638286590576,3.2430291175842285,9.352930784225464,yago15,-1,isCitizenOf,mean,20,all,adm,0.5,0.5,10,-1,4,2,km,gs#1.00,gs,gs,1.0,tanga,ad2
0,3,183.3240213394165,13.139315366744995,33.28214955329895,yago15,-1,isCitizenOf,mean,20,all,adm,0.5,0.5,2,-1,1,-1,km,ir,ir,ir,1.0,tanga,ad2
0,15,205.95650100708008,3.6221635341644287,34.231632232666016,yago15,-1,isCitizenOf,mean,20,all,adm,0.5,0.5,10,-1,2,-1,km,gs#1.00,gs,gs,1.0,tanga,ad2
0,2,174.51309776306152,3.5512571334838867,11.219075441360474,yago15,-1,isCitizenOf,mean,20,all,adm,0.5,0.5,10,-1,2,-1,km,gs#1.00,gs,gs,1.0,tanga,ad2
0,10,196.62230920791623,3.937888145446777,24.57280468940735,yago15,-1,isCitizenOf,mean,20,all,adm,0.5,0.5,8,-1,1,-1,hdbscan,gs#1.00,gs,gs,1.0,tanga,ad2
0,7,191.540641784668,4.001899719238281,19.308260440826416,yago15,-1,isCitizenOf,mean,20,all,adm,0.5,0.5,8,-1,1,-1,hdbscan,gs#1.00,gs,gs,1.0,tanga,ad2
0,9,193.97054290771484,2.7397522926330566,22.60995101928711,yago15,-1,isCitizenOf,mean,20,all,adm,0.5,0.5,10,-1,4,-1,hdbscan,gs#0.00,gs,gs,0.0,tanga,ad2
0,15,213.05946230888367,5.156589508056641,35.15632510185242,yago15,-1,isCitizenOf,mean,20,all,adm,0.5,0.5,10,-1,1,-1,km,gs#1.00,gs,gs,1.0,tanga,ad2
0,10,200.47583079338077,54.06188464164734,27.49794697761536,yago15,-1,isCitizenOf,mean,20,all,adm,0.5,0.5,2,-1,1,-1,hdbscan,gs#1.00,gs,gs,1.0,tanga,ad2
0,0,4569.490793228149,1964.699105978012,4.336395025253296,yago15,-1,isCitizenOf,mean,20,all,adm,0.5,0.5,10,-1,4,-1,km,gs#0.75,gs,gs,0.75,tanga,ad2
0,18,212.7640528678894,3.2357873916625977,37.07129502296448,yago15,-1,isCitizenOf,mean,20,all,adm,0.5,0.5,10,-1,4,-1,km,gs#0.50,gs,gs,0.5,tanga,ad2
0,6,3036.544093608856,3656.254057407379,4.331074237823486,yago15,-1,isCitizenOf,mean,20,all,adm,0.5,0.5,10,-1,4,3,hdbscan,gs#1.00,gs,gs,1.0,tanga,ad2
0,3,182.8808708190918,3.1447582244873047,12.866881847381592,yago15,-1,isCitizenOf,mean,20,all,adm,0.5,0.5,10,-1,4,-1,km,gs#0.50,gs,gs,0.5,tanga,ad2
0,17,210.44171810150144,3.5263354778289795,36.65262174606323,yago15,-1,isCitizenOf,mean,20,all,adm,0.5,0.5,10,-1,3,-1,km,gs#1.00,gs,gs,1.0,tanga,ad2
0,5,182.03900027275083,53.10707426071167,15.45681118965149,yago15,-1,isCitizenOf,mean,20,all,adm,0.5,0.5,2,-1,1,-1,hdbscan,gs#1.00,gs,gs,1.0,tanga,ad2
0,6,190.0601315498352,18.259897470474243,17.744715213775635,yago15,-1,isCitizenOf,mean,20,all,adm,0.5,0.5,4,-1,1,-1,km,gs#1.00,gs,gs,1.0,tanga,ad2
0,2,176.56493973731995,4.035794258117676,11.122385263442991,yago15,-1,isCitizenOf,mean,20,all,adm,0.5,0.5,8,-1,1,-1,hdbscan,gs#1.00,gs,gs,1.0,tanga,ad2
0,9,190.6402902603149,2.789872884750366,22.68099856376648,yago15,-1,isCitizenOf,mean,20,all,adm,0.5,0.5,10,-1,4,-1,hdbscan,gs#0.75,gs,gs,0.75,tanga,ad2
0,13,208.8018274307251,3.167428970336914,29.51520013809204,yago15,-1,isCitizenOf,mean,20,all,adm,0.5,0.5,10,-1,4,-1,km,gs#0.50,gs,gs,0.5,tanga,ad2
0,1,167.45867824554443,2.832753419876098,9.015559911727903,yago15,-1,isCitizenOf,mean,20,all,adm,0.5,0.5,10,-1,4,-1,hdbscan,gs#0.00,gs,gs,0.0,tanga,ad2
0,6,190.73407459259036,4.00543475151062,17.733881950378418,yago15,-1,isCitizenOf,mean,20,all,adm,0.5,0.5,8,-1,1,-1,hdbscan,gs#1.00,gs,gs,1.0,tanga,ad2
0,2,179.00583267211914,3.457360982894897,11.117152214050291,yago15,-1,isCitizenOf,mean,20,all,adm,0.5,0.5,10,-1,4,-1,km,gs#1.00,gs,gs,1.0,tanga,ad2
0,18,216.39205193519592,2.9739537239074707,35.94761896133423,yago15,-1,isCitizenOf,mean,20,all,adm,0.5,0.5,10,-1,3,-1,hdbscan,gs#1.00,gs,gs,1.0,tanga,ad2
0,13,206.9794044494629,5.153332948684692,31.297292470932007,yago15,-1,isCitizenOf,mean,20,all,adm,0.5,0.5,10,-1,1,-1,km,gs#1.00,gs,gs,1.0,tanga,ad2
0,15,212.03384828567505,3.473479986190796,33.40891695022583,yago15,-1,isCitizenOf,mean,20,all,adm,0.5,0.5,10,-1,4,-1,km,gs#1.00,gs,gs,1.0,tanga,ad2
0,2,4453.576493501663,3277.1033754348755,4.290221214294434,yago15,-1,isCitizenOf,mean,20,all,adm,0.5,0.5,10,-1,4,1,km,gs#1.00,gs,gs,1.0,tanga,ad2
0,13,171.00585985183716,2.909411907196045,9.02931523323059,yago15,-1,isCitizenOf,mean,20,all,adm,0.5,0.5,10,-1,4,4,km,gs#1.00,gs,gs,1.0,tanga,ad2
0,18,218.895400762558,7.19988751411438,38.68713569641113,yago15,-1,isCitizenOf,mean,20,all,adm,0.5,0.5,6,-1,1,-1,hdbscan,gs#1.00,gs,gs,1.0,tanga,ad2
0,4,180.1483423709869,12.486101865768433,13.18754529953003,yago15,-1,isCitizenOf,mean,20,all,adm,0.5,0.5,4,-1,1,-1,hdbscan,gs#1.00,gs,gs,1.0,tanga,ad2
0,19,221.50321745872495,17.82257103919983,44.19864749908447,yago15,-1,isCitizenOf,mean,20,all,adm,0.5,0.5,4,-1,1,-1,km,gs#1.00,gs,gs,1.0,tanga,ad2
0,12,200.53809356689453,3.1058061122894287,27.16354179382324,yago15,-1,isCitizenOf,mean,20,all,adm,0.5,0.5,10,-1,4,-1,km,gs#0.50,gs,gs,0.5,tanga,ad2
0,0,4573.199607133865,2041.5029499530792,4.300519704818726,yago15,-1,isCitizenOf,mean,20,all,adm,0.5,0.5,10,-1,4,-1,km,gs#0.50,gs,gs,0.5,tanga,ad2
0,13,211.23189067840576,13.655210971832275,30.174863815307617,yago15,-1,isCitizenOf,mean,20,all,adm,0.5,0.5,4,-1,1,-1,hdbscan,gs#1.00,gs,gs,1.0,tanga,ad2
0,15,213.38462042808533,17.125367879867554,36.06447196006775,yago15,-1,isCitizenOf,mean,20,all,adm,0.5,0.5,4,-1,1,-1,km,gs#1.00,gs,gs,1.0,tanga,ad2
0,6,182.5681405067444,2.866339683532715,17.443625688552856,yago15,-1,isCitizenOf,mean,20,all,adm,0.5,0.5,10,-1,4,-1,hdbscan,gs#0.50,gs,gs,0.5,tanga,ad2
0,4,177.72875690460205,2.7579073905944824,14.077259302139282,yago15,-1,isCitizenOf,mean,20,all,adm,0.5,0.5,10,-1,4,-1,hdbscan,gs#0.00,gs,gs,0.0,tanga,ad2
0,1,174.5365924835205,4.145924091339111,8.593982696533203,yago15,-1,isCitizenOf,mean,20,all,adm,0.5,0.5,8,-1,1,-1,hdbscan,gs#1.00,gs,gs,1.0,tanga,ad2
0,0,8783.640540122986,1191.3025119304657,3.369100332260132,yago15,-1,isCitizenOf,mean,20,all,adm,0.5,0.5,2,-1,1,-1,hdbscan,gs#1.00,gs,gs,1.0,tanga,ad2
0,1,171.6395390033722,2.760359048843384,8.915663957595825,yago15,-1,isCitizenOf,mean,20,all,adm,0.5,0.5,10,-1,4,2,hdbscan,gs#1.00,gs,gs,1.0,tanga,ad2
0,12,201.17978262901303,6.875895738601685,29.864258527755737,yago15,-1,isCitizenOf,mean,20,all,adm,0.5,0.5,8,-1,1,-1,km,gs#1.00,gs,gs,1.0,tanga,ad2
0,5,178.79662585258484,2.774819612503052,15.621088981628418,yago15,-1,isCitizenOf,mean,20,all,adm,0.5,0.5,10,-1,4,-1,hdbscan,gs#1.00,gs,gs,1.0,tanga,ad2
0,13,200.1713297367096,3.532167434692383,30.10448384284973,yago15,-1,isCitizenOf,mean,20,all,adm,0.5,0.5,10,-1,4,-1,km,gs#1.00,gs,gs,1.0,tanga,ad2
0,11,200.98351049423215,2.9347012042999268,26.23139190673828,yago15,-1,isCitizenOf,mean,20,all,adm,0.5,0.5,10,-1,4,-1,km,gs#0.25,gs,gs,0.25,tanga,ad2
0,4,183.920024394989,2.9504165649414062,13.952391624450684,yago15,-1,isCitizenOf,mean,20,all,adm,0.5,0.5,10,-1,4,-1,hdbscan,gs#0.50,gs,gs,0.5,tanga,ad2
0,12,197.7752091884613,2.8763537406921387,27.079551935195923,yago15,-1,isCitizenOf,mean,20,all,adm,0.5,0.5,10,-1,4,-1,hdbscan,gs#0.50,gs,gs,0.5,tanga,ad2
0,1,215.2844853401184,4.748752117156982,70.17059183120728,yago15,-1,isCitizenOf,mean,20,all,adm,0.5,0.5,2,-1,1,-1,hdbscan,ir,ir,ir,1.0,tanga,ad2
0,7,184.62217903137207,12.81125283241272,19.12107563018799,yago15,-1,isCitizenOf,mean,20,all,adm,0.5,0.5,4,-1,1,-1,hdbscan,gs#1.00,gs,gs,1.0,tanga,ad2
0,0,5273.203330516815,1926.152263879776,4.3657286167144775,yago15,-1,isCitizenOf,mean,20,all,adm,0.5,0.5,10,-1,4,4,km,gs#1.00,gs,gs,1.0,tanga,ad2
0,10,193.2738995552063,3.1653695106506348,24.55161166191101,yago15,-1,isCitizenOf,mean,20,all,adm,0.5,0.5,10,-1,2,-1,hdbscan,gs#1.00,gs,gs,1.0,tanga,ad2
0,14,200.40899682044983,2.7101590633392334,32.35235810279846,yago15,-1,isCitizenOf,mean,20,all,adm,0.5,0.5,10,-1,4,-1,hdbscan,gs#1.00,gs,gs,1.0,tanga,ad2
0,18,212.58677434921265,3.3250997066497803,38.5471134185791,yago15,-1,isCitizenOf,mean,20,all,adm,0.5,0.5,10,-1,4,-1,km,gs#0.75,gs,gs,0.75,tanga,ad2
0,16,216.83460569381717,56.45845031738281,39.04464244842529,yago15,-1,isCitizenOf,mean,20,all,adm,0.5,0.5,2,-1,1,-1,hdbscan,gs#1.00,gs,gs,1.0,tanga,ad2
0,7,166.96439695358276,2.858309745788574,9.001692056655884,yago15,-1,isCitizenOf,mean,20,all,adm,0.5,0.5,10,-1,4,3,hdbscan,gs#1.00,gs,gs,1.0,tanga,ad2
0,4,180.62034702301025,2.7050912380218506,13.9550678730011,yago15,-1,isCitizenOf,mean,20,all,adm,0.5,0.5,10,-1,4,-1,hdbscan,gs#0.25,gs,gs,0.25,tanga,ad2
0,19,214.58178663253784,4.275135040283203,39.87375044822693,yago15,-1,isCitizenOf,mean,20,all,adm,0.5,0.5,8,-1,1,-1,hdbscan,gs#1.00,gs,gs,1.0,tanga,ad2
0,19,219.9122745990753,9.788986444473268,43.35867118835449,yago15,-1,isCitizenOf,mean,20,all,adm,0.5,0.5,6,-1,1,-1,km,gs#1.00,gs,gs,1.0,tanga,ad2
0,13,204.06662273406985,3.474123239517212,29.592453956604004,yago15,-1,isCitizenOf,mean,20,all,adm,0.5,0.5,10,-1,2,-1,km,gs#1.00,gs,gs,1.0,tanga,ad2
0,13,201.87496185302732,3.287540912628174,29.77748465538025,yago15,-1,isCitizenOf,mean,20,all,adm,0.5,0.5,10,-1,3,-1,km,gs#1.00,gs,gs,1.0,tanga,ad2
0,2,169.37592935562134,2.819543600082397,10.904669523239136,yago15,-1,isCitizenOf,mean,20,all,adm,0.5,0.5,10,-1,4,-1,hdbscan,gs#0.00,gs,gs,0.0,tanga,ad2
0,5,186.60239481925964,2.908258438110352,15.551480293273926,yago15,-1,isCitizenOf,mean,20,all,adm,0.5,0.5,10,-1,4,-1,hdbscan,gs#0.25,gs,gs,0.25,tanga,ad2
0,6,184.83769154548645,3.300965547561645,17.846610069274902,yago15,-1,isCitizenOf,mean,20,all,adm,0.5,0.5,10,-1,2,-1,hdbscan,gs#1.00,gs,gs,1.0,tanga,ad2
0,17,215.7382423877716,7.201552867889404,56.77283549308777,yago15,-1,isCitizenOf,mean,20,all,adm,0.5,0.5,2,-1,1,-1,km,ir,ir,ir,1.0,tanga,ad2
0,5,182.82343673706052,3.3853888511657715,16.149656057357788,yago15,-1,isCitizenOf,mean,20,all,adm,0.5,0.5,10,-1,3,-1,km,gs#1.00,gs,gs,1.0,tanga,ad2
0,7,189.73504662513733,2.7610740661621094,19.316715955734253,yago15,-1,isCitizenOf,mean,20,all,adm,0.5,0.5,10,-1,4,-1,hdbscan,gs#0.25,gs,gs,0.25,tanga,ad2
0,5,178.03553891181946,3.664275884628296,27.41624689102173,yago15,-1,isCitizenOf,mean,20,all,adm,0.5,0.5,10,-1,4,-1,km,gs#0.00,gs,gs,0.0,tanga,ad2
0,9,190.97230434417725,3.2765707969665527,22.873237133026123,yago15,-1,isCitizenOf,mean,20,all,adm,0.5,0.5,10,-1,3,-1,km,gs#1.00,gs,gs,1.0,tanga,ad2
0,6,192.66418647766116,6.624893665313721,17.133415937423706,yago15,-1,isCitizenOf,mean,20,all,adm,0.5,0.5,6,-1,1,-1,hdbscan,gs#1.00,gs,gs,1.0,tanga,ad2
0,0,3554.0176887512207,2904.9379942417145,4.343934059143066,yago15,-1,isCitizenOf,mean,20,all,adm,0.5,0.5,10,-1,4,3,hdbscan,gs#1.00,gs,gs,1.0,tanga,ad2
0,15,220.9378073215485,4.03271746635437,60.26175951957703,yago15,-1,isCitizenOf,mean,20,all,adm,0.5,0.5,10,-1,4,-1,km,gs#0.00,gs,gs,0.0,tanga,ad2
0,12,203.45691680908203,3.275930404663086,27.400123596191406,yago15,-1,isCitizenOf,mean,20,all,adm,0.5,0.5,10,-1,2,-1,hdbscan,gs#1.00,gs,gs,1.0,tanga,ad2
0,8,190.17913341522217,5.112239360809326,22.540101289749146,yago15,-1,isCitizenOf,mean,20,all,adm,0.5,0.5,10,-1,1,-1,km,gs#1.00,gs,gs,1.0,tanga,ad2
0,3,3079.4965059757237,1043.2228469848633,4.34377908706665,yago15,-1,isCitizenOf,mean,20,all,adm,0.5,0.5,10,-1,4,3,hdbscan,gs#1.00,gs,gs,1.0,tanga,ad2
0,8,189.89291405677795,6.732476472854614,22.821810007095337,yago15,-1,isCitizenOf,mean,20,all,adm,0.5,0.5,8,-1,1,-1,km,gs#1.00,gs,gs,1.0,tanga,ad2
0,11,197.21547484397888,9.385550498962402,27.184816122055054,yago15,-1,isCitizenOf,mean,20,all,adm,0.5,0.5,6,-1,1,-1,km,gs#1.00,gs,gs,1.0,tanga,ad2
0,13,213.19473123550412,56.4267168045044,33.72325801849365,yago15,-1,isCitizenOf,mean,20,all,adm,0.5,0.5,2,-1,1,-1,km,gs#1.00,gs,gs,1.0,tanga,ad2
0,14,211.7519855499268,4.015516042709351,52.13581681251526,yago15,-1,isCitizenOf,mean,20,all,adm,0.5,0.5,10,-1,4,-1,km,gs#0.00,gs,gs,0.0,tanga,ad2
0,10,192.46189832687375,2.815758228302002,23.917245149612427,yago15,-1,isCitizenOf,mean,20,all,adm,0.5,0.5,10,-1,4,-1,hdbscan,gs#0.25,gs,gs,0.25,tanga,ad2
0,2,350.05502915382385,38.25933527946472,19.986917972564697,yago15,-1,isCitizenOf,mean,20,all,adm,0.5,0.5,4,-1,1,-1,km,gs#1.00,gs,gs,1.0,tanga,ad2
0,4,185.29572081565857,3.195754289627075,14.352779865264893,yago15,-1,isCitizenOf,mean,20,all,adm,0.5,0.5,10,-1,4,-1,km,gs#0.50,gs,gs,0.5,tanga,ad2
0,9,189.12727785110476,3.2138009071350098,22.86703586578369,yago15,-1,isCitizenOf,mean,20,all,adm,0.5,0.5,10,-1,4,-1,km,gs#0.75,gs,gs,0.75,tanga,ad2
0,2,215.1141951084137,12.914124011993408,17.376941204071045,yago15,-1,isCitizenOf,mean,20,all,adm,0.5,0.5,6,-1,1,-1,hdbscan,gs#1.00,gs,gs,1.0,tanga,ad2
0,13,206.58921098709104,3.183622121810913,29.20886921882629,yago15,-1,isCitizenOf,mean,20,all,adm,0.5,0.5,10,-1,2,-1,hdbscan,gs#1.00,gs,gs,1.0,tanga,ad2
0,1,174.92990112304688,9.8172025680542,8.437893629074097,yago15,-1,isCitizenOf,mean,20,all,adm,0.5,0.5,6,-1,1,-1,km,gs#1.00,gs,gs,1.0,tanga,ad2
0,11,196.7053189277649,3.144098997116089,26.414893865585327,yago15,-1,isCitizenOf,mean,20,all,adm,0.5,0.5,10,-1,4,-1,km,gs#0.50,gs,gs,0.5,tanga,ad2
0,7,165.08741331100464,3.1350154876708984,9.104995489120483,yago15,-1,isCitizenOf,mean,20,all,adm,0.5,0.5,10,-1,4,2,km,gs#1.00,gs,gs,1.0,tanga,ad2
0,16,213.7264404296875,2.836266279220581,33.69795656204224,yago15,-1,isCitizenOf,mean,20,all,adm,0.5,0.5,10,-1,4,-1,hdbscan,gs#0.00,gs,gs,0.0,tanga,ad2
0,12,4685.468384027481,1138.2924437522888,4.433753967285156,yago15,-1,isCitizenOf,mean,20,all,adm,0.5,0.5,10,-1,4,2,km,gs#1.00,gs,gs,1.0,tanga,ad2
0,6,357.31633400917053,135.1708071231842,31.91483449935913,yago15,-1,isCitizenOf,mean,20,all,adm,0.5,0.5,2,-1,1,-1,km,gs#1.00,gs,gs,1.0,tanga,ad2
0,12,207.9008204936981,9.357885599136353,28.69797134399414,yago15,-1,isCitizenOf,mean,20,all,adm,0.5,0.5,6,-1,1,-1,km,gs#1.00,gs,gs,1.0,tanga,ad2
0,9,190.6201529502869,2.853797197341919,22.226911544799805,yago15,-1,isCitizenOf,mean,20,all,adm,0.5,0.5,10,-1,4,-1,hdbscan,gs#0.25,gs,gs,0.25,tanga,ad2
0,1,180.9089698791504,10.47270917892456,18.95374298095703,yago15,-1,isCitizenOf,mean,20,all,adm,0.5,0.5,10,-1,1,-1,km,gs#1.00,gs,gs,1.0,tanga,ad2
0,14,212.0743305683136,13.684563875198364,32.03581738471985,yago15,-1,isCitizenOf,mean,20,all,adm,0.5,0.5,4,-1,1,-1,hdbscan,gs#1.00,gs,gs,1.0,tanga,ad2
0,15,220.68628978729248,56.20535445213318,38.13498759269714,yago15,-1,isCitizenOf,mean,20,all,adm,0.5,0.5,2,-1,1,-1,km,gs#1.00,gs,gs,1.0,tanga,ad2
0,12,195.32269859313965,6.920503616333008,28.017648935317997,yago15,-1,isCitizenOf,mean,20,all,adm,0.5,0.5,6,-1,1,-1,hdbscan,gs#1.00,gs,gs,1.0,tanga,ad2
0,17,215.85705471038816,17.006920099258423,39.67024850845337,yago15,-1,isCitizenOf,mean,20,all,adm,0.5,0.5,4,-1,1,-1,km,gs#1.00,gs,gs,1.0,tanga,ad2
0,13,209.1898729801178,3.763821601867676,52.27898073196411,yago15,-1,isCitizenOf,mean,20,all,adm,0.5,0.5,10,-1,4,-1,km,gs#0.00,gs,gs,0.0,tanga,ad2
0,13,249.95717787742612,4.845838069915772,93.89159989356996,yago15,-1,isCitizenOf,mean,20,all,adm,0.5,0.5,2,-1,1,-1,hdbscan,ir,ir,ir,1.0,tanga,ad2
0,6,225.9925966262817,5.093723773956299,78.79754543304443,yago15,-1,isCitizenOf,mean,20,all,adm,0.5,0.5,2,-1,1,-1,hdbscan,ir,ir,ir,1.0,tanga,ad2
0,9,191.93966794013977,13.17741632461548,22.834219932556152,yago15,-1,isCitizenOf,mean,20,all,adm,0.5,0.5,4,-1,1,-1,hdbscan,gs#1.00,gs,gs,1.0,tanga,ad2
0,7,191.01826405525208,10.216294765472412,20.54923796653748,yago15,-1,isCitizenOf,mean,20,all,adm,0.5,0.5,6,-1,1,-1,km,gs#1.00,gs,gs,1.0,tanga,ad2
0,0,3218.3769257068634,4190.054488182068,4.3232505321502686,yago15,-1,isCitizenOf,mean,20,all,adm,0.5,0.5,10,-1,4,-1,hdbscan,gs#0.50,gs,gs,0.5,tanga,ad2
0,4,172.50132536888125,56.47548747062683,13.1021146774292,yago15,-1,isCitizenOf,mean,20,all,adm,0.5,0.5,2,-1,1,-1,hdbscan,gs#1.00,gs,gs,1.0,tanga,ad2
0,3,175.114572763443,2.995260715484619,13.367579698562622,yago15,-1,isCitizenOf,mean,20,all,adm,0.5,0.5,10,-1,3,-1,hdbscan,gs#1.00,gs,gs,1.0,tanga,ad2
0,6,182.71922159194943,3.051241636276245,17.592400074005127,yago15,-1,isCitizenOf,mean,20,all,adm,0.5,0.5,10,-1,3,-1,hdbscan,gs#1.00,gs,gs,1.0,tanga,ad2
0,5,182.5197176933289,2.9203851222991943,15.824024438858032,yago15,-1,isCitizenOf,mean,20,all,adm,0.5,0.5,10,-1,3,-1,hdbscan,gs#1.00,gs,gs,1.0,tanga,ad2
0,8,194.71043157577515,54.78874850273132,22.736572980880737,yago15,-1,isCitizenOf,mean,20,all,adm,0.5,0.5,2,-1,1,-1,hdbscan,gs#1.00,gs,gs,1.0,tanga,ad2
0,19,216.26927495002747,4.082162380218506,41.30380773544312,yago15,-1,isCitizenOf,mean,20,all,adm,0.5,0.5,10,-1,3,-1,km,gs#1.00,gs,gs,1.0,tanga,ad2
0,12,206.76321721076965,3.38180947303772,29.719990730285645,yago15,-1,isCitizenOf,mean,20,all,adm,0.5,0.5,10,-1,1,-1,hdbscan,gs#1.00,gs,gs,1.0,tanga,ad2
0,14,208.06672024726868,3.639383792877197,31.00555729866028,yago15,-1,isCitizenOf,mean,20,all,adm,0.5,0.5,10,-1,1,-1,hdbscan,gs#1.00,gs,gs,1.0,tanga,ad2
0,12,204.36550569534305,61.11699819564819,31.23591709136963,yago15,-1,isCitizenOf,mean,20,all,adm,0.5,0.5,2,-1,1,-1,km,gs#1.00,gs,gs,1.0,tanga,ad2
0,10,194.8883821964264,13.221444129943848,24.741148948669437,yago15,-1,isCitizenOf,mean,20,all,adm,0.5,0.5,4,-1,1,-1,hdbscan,gs#1.00,gs,gs,1.0,tanga,ad2
0,0,5883.00147652626,1542.6587028503418,4.350701808929443,yago15,-1,isCitizenOf,mean,20,all,adm,0.5,0.5,10,-1,1,-1,km,gs#1.00,gs,gs,1.0,tanga,ad2
0,0,3471.0861325263977,1667.423404455185,4.3215038776397705,yago15,-1,isCitizenOf,mean,20,all,adm,0.5,0.5,10,-1,2,-1,km,gs#1.00,gs,gs,1.0,tanga,ad2
0,3,173.6882119178772,3.2443971633911133,12.970738172531128,yago15,-1,isCitizenOf,mean,20,all,adm,0.5,0.5,10,-1,3,-1,km,gs#1.00,gs,gs,1.0,tanga,ad2
0,0,1462.437804937363,2200.559890985489,5.735009908676148,yago15,-1,isCitizenOf,mean,20,all,adm,0.5,0.5,2,-1,1,-1,km,gs#1.00,gs,gs,1.0,tanga,ad2
0,1,174.89107942581177,3.550230026245117,9.31300973892212,yago15,-1,isCitizenOf,mean,20,all,adm,0.5,0.5,10,-1,2,-1,km,gs#1.00,gs,gs,1.0,tanga,ad2
0,5,179.73042130470276,3.5599782466888428,16.330479860305786,yago15,-1,isCitizenOf,mean,20,all,adm,0.5,0.5,10,-1,2,-1,km,gs#1.00,gs,gs,1.0,tanga,ad2
0,7,188.2218894958496,2.933229684829712,19.84309697151184,yago15,-1,isCitizenOf,mean,20,all,adm,0.5,0.5,10,-1,4,-1,km,gs#0.25,gs,gs,0.25,tanga,ad2
0,7,187.2750005722046,3.3681766986846924,19.94822335243225,yago15,-1,isCitizenOf,mean,20,all,adm,0.5,0.5,10,-1,4,-1,km,gs#1.00,gs,gs,1.0,tanga,ad2
0,3,173.95569968223572,3.084007740020752,12.926538467407228,yago15,-1,isCitizenOf,mean,20,all,adm,0.5,0.5,10,-1,4,4,km,gs#1.00,gs,gs,1.0,tanga,ad2
0,4,5104.489778518677,1295.4106059074402,4.26738715171814,yago15,-1,isCitizenOf,mean,20,all,adm,0.5,0.5,10,-1,4,4,km,gs#1.00,gs,gs,1.0,tanga,ad2
0,4,180.53858733177185,4.004353284835815,13.830456495285034,yago15,-1,isCitizenOf,mean,20,all,adm,0.5,0.5,8,-1,1,-1,hdbscan,gs#1.00,gs,gs,1.0,tanga,ad2
0,12,195.21511006355288,2.8036484718322754,26.76109719276428,yago15,-1,isCitizenOf,mean,20,all,adm,0.5,0.5,10,-1,4,-1,hdbscan,gs#0.25,gs,gs,0.25,tanga,ad2
0,12,203.44251012802124,5.25092625617981,30.450092315673828,yago15,-1,isCitizenOf,mean,20,all,adm,0.5,0.5,10,-1,1,-1,km,gs#1.00,gs,gs,1.0,tanga,ad2
0,8,196.8227486610413,18.439799547195435,22.2515971660614,yago15,-1,isCitizenOf,mean,20,all,adm,0.5,0.5,4,-1,1,-1,km,gs#1.00,gs,gs,1.0,tanga,ad2
0,15,168.6586709022522,3.2358767986297607,9.122150182724,yago15,-1,isCitizenOf,mean,20,all,adm,0.5,0.5,10,-1,4,2,km,gs#1.00,gs,gs,1.0,tanga,ad2
0,9,193.6504089832306,3.1116068363189697,23.11744880676269,yago15,-1,isCitizenOf,mean,20,all,adm,0.5,0.5,10,-1,4,-1,km,gs#0.50,gs,gs,0.5,tanga,ad2
0,17,216.1584529876709,4.1450817584991455,36.22062563896179,yago15,-1,isCitizenOf,mean,20,all,adm,0.5,0.5,8,-1,1,-1,hdbscan,gs#1.00,gs,gs,1.0,tanga,ad2
0,1,171.88100409507751,2.780361652374268,9.047829151153564,yago15,-1,isCitizenOf,mean,20,all,adm,0.5,0.5,10,-1,4,-1,hdbscan,gs#0.75,gs,gs,0.75,tanga,ad2
0,12,201.40071177482605,3.578664302825928,27.952345848083496,yago15,-1,isCitizenOf,mean,20,all,adm,0.5,0.5,10,-1,2,-1,km,gs#1.00,gs,gs,1.0,tanga,ad2
0,9,198.13773918151853,58.17826747894287,23.47889709472656,yago15,-1,isCitizenOf,mean,20,all,adm,0.5,0.5,2,-1,1,-1,hdbscan,gs#1.00,gs,gs,1.0,tanga,ad2
0,14,207.35819172859192,3.571243524551392,31.1746346950531,yago15,-1,isCitizenOf,mean,20,all,adm,0.5,0.5,10,-1,2,-1,km,gs#1.00,gs,gs,1.0,tanga,ad2
0,15,226.67952704429624,55.49772572517395,35.50992155075073,yago15,-1,isCitizenOf,mean,20,all,adm,0.5,0.5,2,-1,1,-1,hdbscan,gs#1.00,gs,gs,1.0,tanga,ad2
0,16,214.9912934303284,3.184962272644043,35.06165933609009,yago15,-1,isCitizenOf,mean,20,all,adm,0.5,0.5,10,-1,4,-1,km,gs#0.75,gs,gs,0.75,tanga,ad2
0,11,164.0875325202942,2.7409818172454834,10.276344537734984,yago15,-1,isCitizenOf,mean,20,all,adm,0.5,0.5,10,-1,4,3,hdbscan,gs#1.00,gs,gs,1.0,tanga,ad2
0,5,181.12438797950745,6.637602090835571,16.48878502845764,yago15,-1,isCitizenOf,mean,20,all,adm,0.5,0.5,8,-1,1,-1,km,gs#1.00,gs,gs,1.0,tanga,ad2
0,9,192.8693630695343,9.595439910888672,23.895957231521606,yago15,-1,isCitizenOf,mean,20,all,adm,0.5,0.5,6,-1,1,-1,km,gs#1.00,gs,gs,1.0,tanga,ad2
0,16,205.9200394153595,2.884068012237549,34.33829879760742,yago15,-1,isCitizenOf,mean,20,all,adm,0.5,0.5,10,-1,4,-1,hdbscan,gs#0.50,gs,gs,0.5,tanga,ad2
0,8,211.2555537223816,60.734596252441406,38.436267614364624,yago15,-1,isCitizenOf,mean,20,all,adm,0.5,0.5,2,-1,1,-1,km,gs#1.00,gs,gs,1.0,tanga,ad2
0,3,173.6840271949768,3.44581937789917,12.87804675102234,yago15,-1,isCitizenOf,mean,20,all,adm,0.5,0.5,10,-1,4,-1,km,gs#1.00,gs,gs,1.0,tanga,ad2
0,7,228.90143418312076,4.772235870361328,83.35921502113342,yago15,-1,isCitizenOf,mean,20,all,adm,0.5,0.5,2,-1,1,-1,hdbscan,ir,ir,ir,1.0,tanga,ad2
0,5,186.1516900062561,3.21282172203064,16.271868228912354,yago15,-1,isCitizenOf,mean,20,all,adm,0.5,0.5,10,-1,4,-1,km,gs#0.25,gs,gs,0.25,tanga,ad2
0,2,175.48312640190125,2.7318050861358643,10.802694320678713,yago15,-1,isCitizenOf,mean,20,all,adm,0.5,0.5,10,-1,4,4,hdbscan,gs#1.00,gs,gs,1.0,tanga,ad2
0,15,208.9299159049988,3.053650140762329,33.12064528465271,yago15,-1,isCitizenOf,mean,20,all,adm,0.5,0.5,10,-1,4,-1,km,gs#0.25,gs,gs,0.25,tanga,ad2
0,19,231.5378520488739,12.985287189483644,42.589255809783936,yago15,-1,isCitizenOf,mean,20,all,adm,0.5,0.5,4,-1,1,-1,hdbscan,gs#1.00,gs,gs,1.0,tanga,ad2
0,16,213.87074184417725,6.906176090240479,35.26052689552307,yago15,-1,isCitizenOf,mean,20,all,adm,0.5,0.5,6,-1,1,-1,hdbscan,gs#1.00,gs,gs,1.0,tanga,ad2
0,11,201.7351531982422,17.14438033103943,27.05470895767212,yago15,-1,isCitizenOf,mean,20,all,adm,0.5,0.5,4,-1,1,-1,km,gs#1.00,gs,gs,1.0,tanga,ad2
0,12,207.47782135009768,56.45460891723633,29.42041802406311,yago15,-1,isCitizenOf,mean,20,all,adm,0.5,0.5,2,-1,1,-1,hdbscan,gs#1.00,gs,gs,1.0,tanga,ad2
0,6,183.93143820762637,3.5765609741210938,18.146000146865845,yago15,-1,isCitizenOf,mean,20,all,adm,0.5,0.5,10,-1,2,-1,km,gs#1.00,gs,gs,1.0,tanga,ad2
0,5,181.51828002929688,2.815651655197144,15.832951068878174,yago15,-1,isCitizenOf,mean,20,all,adm,0.5,0.5,10,-1,4,-1,hdbscan,gs#0.00,gs,gs,0.0,tanga,ad2
0,17,213.9034960269928,2.84809684753418,35.014429330825806,yago15,-1,isCitizenOf,mean,20,all,adm,0.5,0.5,10,-1,4,-1,hdbscan,gs#0.00,gs,gs,0.0,tanga,ad2
0,8,232.66895508766171,5.1328771114349365,83.93668675422668,yago15,-1,isCitizenOf,mean,20,all,adm,0.5,0.5,2,-1,1,-1,hdbscan,ir,ir,ir,1.0,tanga,ad2
0,2,161.4895520210266,3.349617481231689,10.274169206619264,yago15,-1,isCitizenOf,mean,20,all,adm,0.5,0.5,10,-1,4,3,km,gs#0.00,gs,gs,0.0,tanga,ad2
0,9,193.3696970939636,3.3586630821228027,23.408487796783447,yago15,-1,isCitizenOf,mean,20,all,adm,0.5,0.5,10,-1,4,-1,km,gs#1.00,gs,gs,1.0,tanga,ad2
0,19,223.6396095752716,3.0225181579589844,38.90280556678772,yago15,-1,isCitizenOf,mean,20,all,adm,0.5,0.5,10,-1,4,-1,hdbscan,gs#0.50,gs,gs,0.5,tanga,ad2
0,7,183.91816806793213,3.444100379943848,20.103023290634155,yago15,-1,isCitizenOf,mean,20,all,adm,0.5,0.5,10,-1,2,-1,km,gs#1.00,gs,gs,1.0,tanga,ad2
0,16,208.12523913383484,3.077207565307617,34.72640681266785,yago15,-1,isCitizenOf,mean,20,all,adm,0.5,0.5,10,-1,4,-1,km,gs#0.25,gs,gs,0.25,tanga,ad2
0,3,173.2034740447998,3.395249366760254,12.570713520050049,yago15,-1,isCitizenOf,mean,20,all,adm,0.5,0.5,10,-1,1,-1,hdbscan,gs#1.00,gs,gs,1.0,tanga,ad2
0,7,168.03459334373474,3.026071786880493,9.252534627914429,yago15,-1,isCitizenOf,mean,20,all,adm,0.5,0.5,10,-1,4,3,km,gs#1.00,gs,gs,1.0,tanga,ad2
0,16,213.1537103652954,2.793566942214966,33.71303343772888,yago15,-1,isCitizenOf,mean,20,all,adm,0.5,0.5,10,-1,4,-1,hdbscan,gs#0.25,gs,gs,0.25,tanga,ad2
0,16,215.24999928474423,5.235451698303223,36.76580619812012,yago15,-1,isCitizenOf,mean,20,all,adm,0.5,0.5,10,-1,1,-1,km,gs#1.00,gs,gs,1.0,tanga,ad2
0,7,183.08194255828855,2.8162128925323486,19.29791045188904,yago15,-1,isCitizenOf,mean,20,all,adm,0.5,0.5,10,-1,4,-1,hdbscan,gs#0.00,gs,gs,0.0,tanga,ad2
0,6,184.0587604045868,2.9635887145996094,17.894012212753296,yago15,-1,isCitizenOf,mean,20,all,adm,0.5,0.5,10,-1,4,-1,km,gs#0.25,gs,gs,0.25,tanga,ad2
0,2,187.61004066467285,5.340502500534058,11.589757442474363,yago15,-1,isCitizenOf,mean,20,all,adm,0.5,0.5,10,-1,1,-1,km,gs#1.00,gs,gs,1.0,tanga,ad2
0,4,175.08917689323425,3.0305066108703613,14.137703895568848,yago15,-1,isCitizenOf,mean,20,all,adm,0.5,0.5,10,-1,3,-1,hdbscan,gs#1.00,gs,gs,1.0,tanga,ad2
0,2,175.88383960723877,2.9362566471099854,11.02039647102356,yago15,-1,isCitizenOf,mean,20,all,adm,0.5,0.5,10,-1,4,-1,km,gs#0.25,gs,gs,0.25,tanga,ad2
0,16,225.05864000320437,3.786956310272217,62.862719774246216,yago15,-1,isCitizenOf,mean,20,all,adm,0.5,0.5,10,-1,4,-1,km,gs#0.00,gs,gs,0.0,tanga,ad2
0,10,197.17655539512637,17.306597232818604,25.944413661956787,yago15,-1,isCitizenOf,mean,20,all,adm,0.5,0.5,4,-1,1,-1,km,gs#1.00,gs,gs,1.0,tanga,ad2
0,8,191.1347529888153,3.0885612964630127,20.947510957717896,yago15,-1,isCitizenOf,mean,20,all,adm,0.5,0.5,10,-1,4,-1,km,gs#0.25,gs,gs,0.25,tanga,ad2
0,16,208.74490642547607,3.5065009593963623,35.98609256744385,yago15,-1,isCitizenOf,mean,20,all,adm,0.5,0.5,10,-1,4,-1,km,gs#1.00,gs,gs,1.0,tanga,ad2
0,4,173.9287965297699,3.676765203475952,23.662516832351685,yago15,-1,isCitizenOf,mean,20,all,adm,0.5,0.5,10,-1,4,-1,km,gs#0.00,gs,gs,0.0,tanga,ad2
0,4,177.62912511825562,9.008148908615112,14.114774465560911,yago15,-1,isCitizenOf,mean,20,all,adm,0.5,0.5,6,-1,1,-1,km,gs#1.00,gs,gs,1.0,tanga,ad2
0,16,214.8582317829132,17.532446146011353,37.673670053482056,yago15,-1,isCitizenOf,mean,20,all,adm,0.5,0.5,4,-1,1,-1,km,gs#1.00,gs,gs,1.0,tanga,ad2
0,0,230.9814240932465,351.24299812316895,11.023008823394775,yago15,-1,isCitizenOf,mean,20,all,adm,0.5,0.5,2,-1,1,-1,km,ir,ir,ir,1.0,tanga,ad2
0,1,178.00293684005737,22.796831369400024,16.61581301689148,yago15,-1,isCitizenOf,mean,20,all,adm,0.5,0.5,4,-1,1,-1,km,gs#1.00,gs,gs,1.0,tanga,ad2
0,16,208.87538504600525,3.4621832370758057,35.272921323776245,yago15,-1,isCitizenOf,mean,20,all,adm,0.5,0.5,10,-1,3,-1,km,gs#1.00,gs,gs,1.0,tanga,ad2
0,2,2987.5720756053925,2933.1660504341125,4.346276760101318,yago15,-1,isCitizenOf,mean,20,all,adm,0.5,0.5,10,-1,4,1,hdbscan,gs#1.00,gs,gs,1.0,tanga,ad2
0,15,203.70625686645508,2.7789316177368164,32.36817240715027,yago15,-1,isCitizenOf,mean,20,all,adm,0.5,0.5,10,-1,4,-1,hdbscan,gs#1.00,gs,gs,1.0,tanga,ad2
0,7,184.25990629196167,2.9081923961639404,19.085792303085327,yago15,-1,isCitizenOf,mean,20,all,adm,0.5,0.5,10,-1,3,-1,hdbscan,gs#1.00,gs,gs,1.0,tanga,ad2
0,18,219.74726486206052,9.835808038711548,40.14342522621155,yago15,-1,isCitizenOf,mean,20,all,adm,0.5,0.5,6,-1,1,-1,km,gs#1.00,gs,gs,1.0,tanga,ad2
0,18,214.86557865142825,3.308614730834961,37.378894329071045,yago15,-1,isCitizenOf,mean,20,all,adm,0.5,0.5,10,-1,2,-1,hdbscan,gs#1.00,gs,gs,1.0,tanga,ad2
0,16,209.51307821273804,3.2733747959136963,34.40493845939636,yago15,-1,isCitizenOf,mean,20,all,adm,0.5,0.5,10,-1,2,-1,hdbscan,gs#1.00,gs,gs,1.0,tanga,ad2
0,16,253.24097800254825,5.081632137298584,99.48230290412904,yago15,-1,isCitizenOf,mean,20,all,adm,0.5,0.5,2,-1,1,-1,hdbscan,ir,ir,ir,1.0,tanga,ad2
0,17,158.06566858291626,3.249475240707397,8.864786624908447,yago15,-1,isCitizenOf,mean,20,all,adm,0.5,0.5,10,-1,4,4,km,gs#1.00,gs,gs,1.0,tanga,ad2
0,4,185.3535876274109,9.678631782531738,35.23865056037903,yago15,-1,isCitizenOf,mean,20,all,adm,0.5,0.5,2,-1,1,-1,km,ir,ir,ir,1.0,tanga,ad2
0,6,180.1594910621643,3.0601019859313965,17.673607349395752,yago15,-1,isCitizenOf,mean,20,all,adm,0.5,0.5,10,-1,4,-1,km,gs#0.75,gs,gs,0.75,tanga,ad2
0,5,4674.997877597809,1261.586627244949,4.466731071472168,yago15,-1,isCitizenOf,mean,20,all,adm,0.5,0.5,10,-1,4,1,km,gs#1.00,gs,gs,1.0,tanga,ad2
0,6,182.8688497543335,3.4713897705078125,17.959706783294678,yago15,-1,isCitizenOf,mean,20,all,adm,0.5,0.5,10,-1,4,-1,km,gs#1.00,gs,gs,1.0,tanga,ad2
0,17,224.40955424308777,61.51356792449951,41.19256377220154,yago15,-1,isCitizenOf,mean,20,all,adm,0.5,0.5,2,-1,1,-1,km,gs#1.00,gs,gs,1.0,tanga,ad2
0,0,3694.249809741974,4930.385764598846,4.390161752700806,yago15,-1,isCitizenOf,mean,20,all,adm,0.5,0.5,10,-1,1,-1,hdbscan,gs#1.00,gs,gs,1.0,tanga,ad2
0,14,211.26250743865967,3.191780567169189,30.610307693481445,yago15,-1,isCitizenOf,mean,20,all,adm,0.5,0.5,10,-1,4,-1,km,gs#0.75,gs,gs,0.75,tanga,ad2
0,6,182.57296442985532,2.837587356567383,17.55028510093689,yago15,-1,isCitizenOf,mean,20,all,adm,0.5,0.5,10,-1,4,-1,hdbscan,gs#0.75,gs,gs,0.75,tanga,ad2
0,16,217.7778959274292,14.247676849365234,36.42115211486816,yago15,-1,isCitizenOf,mean,20,all,adm,0.5,0.5,4,-1,1,-1,hdbscan,gs#1.00,gs,gs,1.0,tanga,ad2
0,18,211.78904247283936,3.0602126121521,35.62761688232422,yago15,-1,isCitizenOf,mean,20,all,adm,0.5,0.5,10,-1,4,-1,hdbscan,gs#0.50,gs,gs,0.5,tanga,ad2
0,9,235.59648895263672,4.895806789398193,84.95483040809631,yago15,-1,isCitizenOf,mean,20,all,adm,0.5,0.5,2,-1,1,-1,hdbscan,ir,ir,ir,1.0,tanga,ad2
0,10,242.2774636745453,4.913489580154419,87.32688021659851,yago15,-1,isCitizenOf,mean,20,all,adm,0.5,0.5,2,-1,1,-1,hdbscan,ir,ir,ir,1.0,tanga,ad2
0,0,3303.349442005157,2559.048863887787,4.446669340133667,yago15,-1,isCitizenOf,mean,20,all,adm,0.5,0.5,10,-1,4,-1,hdbscan,gs#0.25,gs,gs,0.25,tanga,ad2
0,1,169.29918766021729,2.947831392288208,9.102450847625732,yago15,-1,isCitizenOf,mean,20,all,adm,0.5,0.5,10,-1,4,-1,hdbscan,gs#0.50,gs,gs,0.5,tanga,ad2
0,15,203.0605742931366,2.755789279937744,32.16307854652405,yago15,-1,isCitizenOf,mean,20,all,adm,0.5,0.5,10,-1,4,-1,hdbscan,gs#0.25,gs,gs,0.25,tanga,ad2
0,9,193.09548449516296,5.154221296310425,23.86798071861267,yago15,-1,isCitizenOf,mean,20,all,adm,0.5,0.5,10,-1,1,-1,km,gs#1.00,gs,gs,1.0,tanga,ad2
0,16,216.0863661766052,3.260103940963745,34.17178249359131,yago15,-1,isCitizenOf,mean,20,all,adm,0.5,0.5,10,-1,4,-1,km,gs#0.50,gs,gs,0.5,tanga,ad2
0,3,175.53818559646606,5.31783127784729,13.294344902038574,yago15,-1,isCitizenOf,mean,20,all,adm,0.5,0.5,10,-1,1,-1,km,gs#1.00,gs,gs,1.0,tanga,ad2
0,7,183.80459880828855,3.3771800994873047,19.520637035369877,yago15,-1,isCitizenOf,mean,20,all,adm,0.5,0.5,10,-1,1,-1,hdbscan,gs#1.00,gs,gs,1.0,tanga,ad2
0,15,208.48078656196597,3.352356433868408,34.08618116378784,yago15,-1,isCitizenOf,mean,20,all,adm,0.5,0.5,10,-1,3,-1,km,gs#1.00,gs,gs,1.0,tanga,ad2
0,13,201.86271286010745,17.84212064743042,31.26637554168701,yago15,-1,isCitizenOf,mean,20,all,adm,0.5,0.5,4,-1,1,-1,km,gs#1.00,gs,gs,1.0,tanga,ad2
0,9,194.63393688201904,3.211045503616333,22.788294553756717,yago15,-1,isCitizenOf,mean,20,all,adm,0.5,0.5,10,-1,2,-1,hdbscan,gs#1.00,gs,gs,1.0,tanga,ad2
0,6,193.4356563091278,3.354219436645508,17.864810466766357,yago15,-1,isCitizenOf,mean,20,all,adm,0.5,0.5,10,-1,4,-1,km,gs#0.50,gs,gs,0.5,tanga,ad2
0,8,3766.025630950928,1415.0957493782043,4.201681137084961,yago15,-1,isCitizenOf,mean,20,all,adm,0.5,0.5,10,-1,4,2,km,gs#1.00,gs,gs,1.0,tanga,ad2
0,1,168.71205687522888,2.774353504180908,9.029060125350952,yago15,-1,isCitizenOf,mean,20,all,adm,0.5,0.5,10,-1,4,-1,hdbscan,gs#1.00,gs,gs,1.0,tanga,ad2
0,8,195.16916823387143,7.316578865051269,41.87698149681091,yago15,-1,isCitizenOf,mean,20,all,adm,0.5,0.5,2,-1,1,-1,km,ir,ir,ir,1.0,tanga,ad2
0,16,207.6973938941956,2.870917320251465,33.77614903450012,yago15,-1,isCitizenOf,mean,20,all,adm,0.5,0.5,10,-1,3,-1,hdbscan,gs#1.00,gs,gs,1.0,tanga,ad2
0,10,159.81246638298035,2.7614307403564453,8.573571920394897,yago15,-1,isCitizenOf,mean,20,all,adm,0.5,0.5,10,-1,4,3,hdbscan,gs#1.00,gs,gs,1.0,tanga,ad2
0,1,175.89205288887024,6.603437900543213,8.846672534942627,yago15,-1,isCitizenOf,mean,20,all,adm,0.5,0.5,8,-1,1,-1,km,gs#1.00,gs,gs,1.0,tanga,ad2
0,0,3359.6718204021454,2311.595094680786,4.376464605331421,yago15,-1,isCitizenOf,mean,20,all,adm,0.5,0.5,10,-1,4,-1,km,gs#1.00,gs,gs,1.0,tanga,ad2
0,6,182.9365649223328,12.614800930023192,16.98521399497986,yago15,-1,isCitizenOf,mean,20,all,adm,0.5,0.5,4,-1,1,-1,hdbscan,gs#1.00,gs,gs,1.0,tanga,ad2
0,2,173.46786952018738,2.910738229751587,10.99615716934204,yago15,-1,isCitizenOf,mean,20,all,adm,0.5,0.5,10,-1,4,-1,hdbscan,gs#0.50,gs,gs,0.5,tanga,ad2
0,14,168.58805918693542,2.8989007472991943,10.798421144485474,yago15,-1,isCitizenOf,mean,20,all,adm,0.5,0.5,10,-1,4,4,km,gs#1.00,gs,gs,1.0,tanga,ad2
0,5,171.10476732254028,2.92423152923584,11.421032428741457,yago15,-1,isCitizenOf,mean,20,all,adm,0.5,0.5,10,-1,4,3,km,gs#1.00,gs,gs,1.0,tanga,ad2
0,7,195.57779955863955,6.676380157470703,19.39420747756958,yago15,-1,isCitizenOf,mean,20,all,adm,0.5,0.5,6,-1,1,-1,hdbscan,gs#1.00,gs,gs,1.0,tanga,ad2
0,1,171.6370415687561,2.97891902923584,9.384883642196655,yago15,-1,isCitizenOf,mean,20,all,adm,0.5,0.5,10,-1,4,2,km,gs#1.00,gs,gs,1.0,tanga,ad2
0,3,177.79887342453003,2.955773115158081,12.664925575256348,yago15,-1,isCitizenOf,mean,20,all,adm,0.5,0.5,10,-1,4,-1,km,gs#0.25,gs,gs,0.25,tanga,ad2
0,0,3352.572214603424,3382.3133506774902,4.5523436069488525,yago15,-1,isCitizenOf,mean,20,all,adm,0.5,0.5,10,-1,4,-1,hdbscan,gs#0.00,gs,gs,0.0,tanga,ad2
0,0,5238.7581605911255,2223.371407032013,4.278437852859497,yago15,-1,isCitizenOf,mean,20,all,adm,0.5,0.5,10,-1,4,1,km,gs#1.00,gs,gs,1.0,tanga,ad2
0,12,4372.668127775192,1826.6706721782684,4.178915739059448,yago15,-1,isCitizenOf,mean,20,all,adm,0.5,0.5,10,-1,4,4,km,gs#1.00,gs,gs,1.0,tanga,ad2
0,2,168.35609006881714,2.7300586700439453,10.893194913864136,yago15,-1,isCitizenOf,mean,20,all,adm,0.5,0.5,10,-1,4,3,hdbscan,gs#1.00,gs,gs,1.0,tanga,ad2
0,13,201.64818906784055,3.132404088973999,29.358396530151367,yago15,-1,isCitizenOf,mean,20,all,adm,0.5,0.5,10,-1,4,-1,km,gs#0.75,gs,gs,0.75,tanga,ad2
0,12,208.67449188232425,3.7124886512756343,28.984163522720337,yago15,-1,isCitizenOf,mean,20,all,adm,0.5,0.5,10,-1,4,-1,km,gs#1.00,gs,gs,1.0,tanga,ad2
0,13,204.428733587265,2.7183196544647217,28.359398126602173,yago15,-1,isCitizenOf,mean,20,all,adm,0.5,0.5,10,-1,4,-1,hdbscan,gs#0.25,gs,gs,0.25,tanga,ad2
0,2,177.07237005233765,13.552731990814207,9.165363550186155,yago15,-1,isCitizenOf,mean,20,all,adm,0.5,0.5,4,-1,1,-1,hdbscan,gs#1.00,gs,gs,1.0,tanga,ad2
0,0,3234.973028898239,3347.274251699448,4.366676092147827,yago15,-1,isCitizenOf,mean,20,all,adm,0.5,0.5,10,-1,2,-1,hdbscan,gs#1.00,gs,gs,1.0,tanga,ad2
0,9,197.6010823249817,7.120151042938232,23.018617868423465,yago15,-1,isCitizenOf,mean,20,all,adm,0.5,0.5,6,-1,1,-1,hdbscan,gs#1.00,gs,gs,1.0,tanga,ad2
0,0,4696.70570898056,1693.4666051864624,4.324184894561768,yago15,-1,isCitizenOf,mean,20,all,adm,0.5,0.5,10,-1,3,-1,km,gs#1.00,gs,gs,1.0,tanga,ad2
0,13,218.0362293720245,53.80112266540527,32.56751656532288,yago15,-1,isCitizenOf,mean,20,all,adm,0.5,0.5,2,-1,1,-1,hdbscan,gs#1.00,gs,gs,1.0,tanga,ad2
0,4,178.45054054260254,3.234452486038208,14.504428148269652,yago15,-1,isCitizenOf,mean,20,all,adm,0.5,0.5,10,-1,3,-1,km,gs#1.00,gs,gs,1.0,tanga,ad2
0,12,241.4076600074768,5.075392961502075,90.14547276496889,yago15,-1,isCitizenOf,mean,20,all,adm,0.5,0.5,2,-1,1,-1,hdbscan,ir,ir,ir,1.0,tanga,ad2
0,18,214.91389679908752,3.864752769470215,39.64879035949707,yago15,-1,isCitizenOf,mean,20,all,adm,0.5,0.5,10,-1,2,-1,km,gs#1.00,gs,gs,1.0,tanga,ad2
0,2,174.1660258769989,2.661134958267212,10.815962076187134,yago15,-1,isCitizenOf,mean,20,all,adm,0.5,0.5,10,-1,4,-1,hdbscan,gs#0.25,gs,gs,0.25,tanga,ad2
0,1,3071.2689204216003,2786.6716215610504,4.362262010574341,yago15,-1,isCitizenOf,mean,20,all,adm,0.5,0.5,10,-1,4,1,hdbscan,gs#1.00,gs,gs,1.0,tanga,ad2
0,12,202.0783724784851,16.40267300605774,29.757302284240723,yago15,-1,isCitizenOf,mean,20,all,adm,0.5,0.5,4,-1,1,-1,km,gs#1.00,gs,gs,1.0,tanga,ad2
0,0,3110.9558985233307,3249.9735736846924,4.279216527938843,yago15,-1,isCitizenOf,mean,20,all,adm,0.5,0.5,10,-1,4,-1,hdbscan,gs#1.00,gs,gs,1.0,tanga,ad2
0,10,198.14132046699524,9.396483421325684,25.651960611343384,yago15,-1,isCitizenOf,mean,20,all,adm,0.5,0.5,6,-1,1,-1,km,gs#1.00,gs,gs,1.0,tanga,ad2
0,18,224.26876163482663,13.500359773635864,39.19738292694092,yago15,-1,isCitizenOf,mean,20,all,adm,0.5,0.5,4,-1,1,-1,hdbscan,gs#1.00,gs,gs,1.0,tanga,ad2
0,14,201.4200913906097,2.729511022567749,29.59536862373352,yago15,-1,isCitizenOf,mean,20,all,adm,0.5,0.5,10,-1,4,-1,hdbscan,gs#0.75,gs,gs,0.75,tanga,ad2
0,16,208.17948150634768,2.833300828933716,33.98571467399597,yago15,-1,isCitizenOf,mean,20,all,adm,0.5,0.5,10,-1,4,-1,hdbscan,gs#0.75,gs,gs,0.75,tanga,ad2
0,19,214.77208614349365,2.9119715690612797,38.39749526977539,yago15,-1,isCitizenOf,mean,20,all,adm,0.5,0.5,10,-1,4,-1,hdbscan,gs#1.00,gs,gs,1.0,tanga,ad2
0,13,205.456791639328,9.869876146316528,31.18597888946533,yago15,-1,isCitizenOf,mean,20,all,adm,0.5,0.5,6,-1,1,-1,km,gs#1.00,gs,gs,1.0,tanga,ad2
0,4,176.8753845691681,3.106130599975586,14.344563961029053,yago15,-1,isCitizenOf,mean,20,all,adm,0.5,0.5,10,-1,4,-1,km,gs#0.75,gs,gs,0.75,tanga,ad2
0,13,202.39231538772583,2.7904984951019287,28.93459534645081,yago15,-1,isCitizenOf,mean,20,all,adm,0.5,0.5,10,-1,4,-1,hdbscan,gs#0.75,gs,gs,0.75,tanga,ad2
0,9,188.8399353027344,3.9369614124298096,22.519929885864254,yago15,-1,isCitizenOf,mean,20,all,adm,0.5,0.5,8,-1,1,-1,hdbscan,gs#1.00,gs,gs,1.0,tanga,ad2
0,16,212.5386109352112,3.8954498767852783,34.03517818450928,yago15,-1,isCitizenOf,mean,20,all,adm,0.5,0.5,8,-1,1,-1,hdbscan,gs#1.00,gs,gs,1.0,tanga,ad2
0,8,191.6237523555756,3.4961671829223637,20.99627804756165,yago15,-1,isCitizenOf,mean,20,all,adm,0.5,0.5,10,-1,4,-1,km,gs#1.00,gs,gs,1.0,tanga,ad2
0,1,170.40301942825317,57.55313444137573,6.505760192871094,yago15,-1,isCitizenOf,mean,20,all,adm,0.5,0.5,2,-1,1,-1,hdbscan,gs#1.00,gs,gs,1.0,tanga,ad2
0,13,204.4693293571472,3.470160484313965,30.13998532295227,yago15,-1,isCitizenOf,mean,20,all,adm,0.5,0.5,10,-1,1,-1,hdbscan,gs#1.00,gs,gs,1.0,tanga,ad2
0,8,177.98531103134155,2.807997941970825,10.871606349945068,yago15,-1,isCitizenOf,mean,20,all,adm,0.5,0.5,10,-1,4,3,hdbscan,gs#1.00,gs,gs,1.0,tanga,ad2
0,1,265.6239411830902,117.31503391265868,14.09294319152832,yago15,-1,isCitizenOf,mean,20,all,adm,0.5,0.5,2,-1,1,-1,km,gs#1.00,gs,gs,1.0,tanga,ad2
0,13,202.74424695968628,6.685815095901489,31.00817561149597,yago15,-1,isCitizenOf,mean,20,all,adm,0.5,0.5,8,-1,1,-1,km,gs#1.00,gs,gs,1.0,tanga,ad2
0,2,174.72786903381348,3.419662475585937,11.253990650177002,yago15,-1,isCitizenOf,mean,20,all,adm,0.5,0.5,10,-1,1,-1,hdbscan,gs#1.00,gs,gs,1.0,tanga,ad2
0,2,183.46436476707456,3.095582962036133,11.12875771522522,yago15,-1,isCitizenOf,mean,20,all,adm,0.5,0.5,10,-1,4,-1,km,gs#0.50,gs,gs,0.5,tanga,ad2
0,0,4459.51652264595,1890.4388983249664,4.339229345321655,yago15,-1,isCitizenOf,mean,20,all,adm,0.5,0.5,10,-1,4,-1,km,gs#0.25,gs,gs,0.25,tanga,ad2
0,4,182.45242285728452,3.141716480255127,14.38903021812439,yago15,-1,isCitizenOf,mean,20,all,adm,0.5,0.5,10,-1,4,-1,km,gs#0.25,gs,gs,0.25,tanga,ad2
0,6,194.13429069519043,7.446077823638916,40.12974572181702,yago15,-1,isCitizenOf,mean,20,all,adm,0.5,0.5,2,-1,1,-1,km,ir,ir,ir,1.0,tanga,ad2
0,19,213.36524963378903,2.998769521713257,38.63035869598389,yago15,-1,isCitizenOf,mean,20,all,adm,0.5,0.5,10,-1,4,-1,hdbscan,gs#0.00,gs,gs,0.0,tanga,ad2
0,18,5111.864190340042,1331.5769226551056,4.503412961959839,yago15,-1,isCitizenOf,mean,20,all,adm,0.5,0.5,10,-1,4,2,km,gs#1.00,gs,gs,1.0,tanga,ad2
0,11,197.6028027534485,2.7762115001678467,25.482602834701535,yago15,-1,isCitizenOf,mean,20,all,adm,0.5,0.5,10,-1,4,-1,hdbscan,gs#0.75,gs,gs,0.75,tanga,ad2
0,10,194.44974875450131,2.832362174987793,24.188289880752563,yago15,-1,isCitizenOf,mean,20,all,adm,0.5,0.5,10,-1,4,-1,hdbscan,gs#0.75,gs,gs,0.75,tanga,ad2
0,18,214.52402663230896,3.577534914016724,39.16081523895264,yago15,-1,isCitizenOf,mean,20,all,adm,0.5,0.5,10,-1,3,-1,km,gs#1.00,gs,gs,1.0,tanga,ad2
0,2,172.00011491775513,2.6850266456604004,10.786543369293211,yago15,-1,isCitizenOf,mean,20,all,adm,0.5,0.5,10,-1,4,-1,hdbscan,gs#1.00,gs,gs,1.0,tanga,ad2
0,6,183.2689232826233,3.308605432510376,18.20727300643921,yago15,-1,isCitizenOf,mean,20,all,adm,0.5,0.5,10,-1,3,-1,km,gs#1.00,gs,gs,1.0,tanga,ad2
0,15,210.31179809570312,12.69123101234436,33.56441307067871,yago15,-1,isCitizenOf,mean,20,all,adm,0.5,0.5,4,-1,1,-1,hdbscan,gs#1.00,gs,gs,1.0,tanga,ad2
0,11,206.70490956306455,62.11612415313721,28.00979733467102,yago15,-1,isCitizenOf,mean,20,all,adm,0.5,0.5,2,-1,1,-1,km,gs#1.00,gs,gs,1.0,tanga,ad2
0,8,172.816890001297,3.0386223793029785,11.119022369384766,yago15,-1,isCitizenOf,mean,20,all,adm,0.5,0.5,10,-1,4,3,km,gs#1.00,gs,gs,1.0,tanga,ad2
0,4,5288.027892112732,1547.935931682587,4.181030988693237,yago15,-1,isCitizenOf,mean,20,all,adm,0.5,0.5,10,-1,4,1,km,gs#1.00,gs,gs,1.0,tanga,ad2
0,4,184.66289949417117,7.018141984939575,14.580801010131836,yago15,-1,isCitizenOf,mean,20,all,adm,0.5,0.5,8,-1,1,-1,km,gs#1.00,gs,gs,1.0,tanga,ad2
0,8,189.18968033790588,3.5953269004821777,21.50152039527893,yago15,-1,isCitizenOf,mean,20,all,adm,0.5,0.5,10,-1,1,-1,hdbscan,gs#1.00,gs,gs,1.0,tanga,ad2
0,12,208.82893180847168,3.665683507919312,48.31861424446106,yago15,-1,isCitizenOf,mean,20,all,adm,0.5,0.5,10,-1,4,-1,km,gs#0.00,gs,gs,0.0,tanga,ad2
0,14,215.9196610450745,59.9550850391388,37.201043128967285,yago15,-1,isCitizenOf,mean,20,all,adm,0.5,0.5,2,-1,1,-1,km,gs#1.00,gs,gs,1.0,tanga,ad2
0,19,219.83694577217105,6.884486436843872,42.78402876853943,yago15,-1,isCitizenOf,mean,20,all,adm,0.5,0.5,6,-1,1,-1,hdbscan,gs#1.00,gs,gs,1.0,tanga,ad2
0,7,188.0227792263031,5.212905168533325,20.617469310760494,yago15,-1,isCitizenOf,mean,20,all,adm,0.5,0.5,10,-1,1,-1,km,gs#1.00,gs,gs,1.0,tanga,ad2
0,10,200.7217857837677,2.8641834259033203,24.38211297988892,yago15,-1,isCitizenOf,mean,20,all,adm,0.5,0.5,10,-1,4,-1,hdbscan,gs#1.00,gs,gs,1.0,tanga,ad2
0,19,225.22725677490237,3.860238552093506,40.97828269004822,yago15,-1,isCitizenOf,mean,20,all,adm,0.5,0.5,10,-1,2,-1,km,gs#1.00,gs,gs,1.0,tanga,ad2
0,3,221.68875336647037,4.885903596878052,74.21314573287964,yago15,-1,isCitizenOf,mean,20,all,adm,0.5,0.5,2,-1,1,-1,hdbscan,ir,ir,ir,1.0,tanga,ad2
0,18,213.6384735107422,4.393167972564697,37.24810409545898,yago15,-1,isCitizenOf,mean,20,all,adm,0.5,0.5,8,-1,1,-1,hdbscan,gs#1.00,gs,gs,1.0,tanga,ad2
0,7,187.8693218231201,3.215616464614868,19.66333103179932,yago15,-1,isCitizenOf,mean,20,all,adm,0.5,0.5,10,-1,2,-1,hdbscan,gs#1.00,gs,gs,1.0,tanga,ad2
0,11,196.6672852039337,6.666066408157349,27.702075481414795,yago15,-1,isCitizenOf,mean,20,all,adm,0.5,0.5,8,-1,1,-1,km,gs#1.00,gs,gs,1.0,tanga,ad2
0,9,189.98363399505612,2.891068696975708,22.168753385543823,yago15,-1,isCitizenOf,mean,20,all,adm,0.5,0.5,10,-1,4,-1,hdbscan,gs#0.50,gs,gs,0.5,tanga,ad2
0,10,202.20550060272217,5.0951550006866455,26.620588779449463,yago15,-1,isCitizenOf,mean,20,all,adm,0.5,0.5,10,-1,1,-1,km,gs#1.00,gs,gs,1.0,tanga,ad2
0,15,204.94034671783447,2.860723733901977,32.72285056114197,yago15,-1,isCitizenOf,mean,20,all,adm,0.5,0.5,10,-1,3,-1,hdbscan,gs#1.00,gs,gs,1.0,tanga,ad2
0,15,211.7659809589386,3.3173763751983643,33.5137677192688,yago15,-1,isCitizenOf,mean,20,all,adm,0.5,0.5,10,-1,1,-1,hdbscan,gs#1.00,gs,gs,1.0,tanga,ad2
0,13,208.50211453437805,2.9544637203216557,29.199458360672,yago15,-1,isCitizenOf,mean,20,all,adm,0.5,0.5,10,-1,4,-1,km,gs#0.25,gs,gs,0.25,tanga,ad2
0,1,170.26406240463257,3.1918587684631348,9.267741441726685,yago15,-1,isCitizenOf,mean,20,all,adm,0.5,0.5,10,-1,4,-1,km,gs#0.75,gs,gs,0.75,tanga,ad2
0,3,179.9636526107788,2.7235827445983887,12.244481086730955,yago15,-1,isCitizenOf,mean,20,all,adm,0.5,0.5,10,-1,4,-1,hdbscan,gs#1.00,gs,gs,1.0,tanga,ad2
0,18,218.36435556411743,3.422990083694458,37.970330238342285,yago15,-1,isCitizenOf,mean,20,all,adm,0.5,0.5,10,-1,4,-1,km,gs#0.25,gs,gs,0.25,tanga,ad2
0,18,219.639004945755,7.310789823532104,60.29061555862427,yago15,-1,isCitizenOf,mean,20,all,adm,0.5,0.5,2,-1,1,-1,km,ir,ir,ir,1.0,tanga,ad2
0,11,218.9063115119934,59.97352743148804,28.50208067893982,yago15,-1,isCitizenOf,mean,20,all,adm,0.5,0.5,2,-1,1,-1,hdbscan,gs#1.00,gs,gs,1.0,tanga,ad2
0,7,188.584219455719,3.543208599090576,19.862098932266235,yago15,-1,isCitizenOf,mean,20,all,adm,0.5,0.5,10,-1,3,-1,km,gs#1.00,gs,gs,1.0,tanga,ad2
0,6,184.37789487838745,56.06515908241272,17.138371467590332,yago15,-1,isCitizenOf,mean,20,all,adm,0.5,0.5,2,-1,1,-1,hdbscan,gs#1.00,gs,gs,1.0,tanga,ad2
0,9,2780.075892686844,2311.613665342331,4.1442389488220215,yago15,-1,isCitizenOf,mean,20,all,adm,0.5,0.5,10,-1,4,3,hdbscan,gs#1.00,gs,gs,1.0,tanga,ad2
0,13,206.8099148273468,2.8310492038726807,28.798478364944454,yago15,-1,isCitizenOf,mean,20,all,adm,0.5,0.5,10,-1,4,-1,hdbscan,gs#0.50,gs,gs,0.5,tanga,ad2
0,16,4992.509984731674,1378.5926995277405,4.054975748062134,yago15,-1,isCitizenOf,mean,20,all,adm,0.5,0.5,10,-1,4,4,km,gs#1.00,gs,gs,1.0,tanga,ad2
0,15,207.85319757461548,3.875328302383423,31.56122612953186,yago15,-1,isCitizenOf,mean,20,all,adm,0.5,0.5,8,-1,1,-1,hdbscan,gs#1.00,gs,gs,1.0,tanga,ad2
0,6,181.8533854484558,3.3151352405548096,17.661924600601196,yago15,-1,isCitizenOf,mean,20,all,adm,0.5,0.5,10,-1,1,-1,hdbscan,gs#1.00,gs,gs,1.0,tanga,ad2
